"","MERGE_ID","P_02_ID","geo_long_center","geo_lat_center","PNAME_VALUE","SNAME_2002","geolocated_failed","dist_geolocation","geo_long","geo_lat"
"498","20820512","20820512","33.9060792040394","1.28296687299971","KAKURES","MUKONGORO","FALSE","2431.21627021276","33.9178507","1.3013649"
"553","21010103","21010103","33.955249868306","1.20045976383487","KABELAI","BUTEBO","FALSE","5464.29955579837","33.9080896","1.2141124"
"556","21010205","21010205","34.0815194083239","1.14136282194297","PUTTI","KABWANGASI","FALSE","4012.66931749742","34.116667","1.133333"
"559","21010303","21010303","33.9741034990238","1.21675317005277","KITOIKAWONONI","KAKORO","FALSE","10477.6203152087","34.0557887","1.1699623"
"562","21010302","21010302","34.055715083985","1.17865523589692","KAKORO","KAKORO","FALSE","967.727881538935","34.0557887","1.1699623"
"567","21010406","21010406","33.8379507451653","1.25235843053995","OPWATETA","KIBALE","TRUE",NA,"33.8379507451653","1.25235843053995"
"570","21010403","21010403","33.753211133706","1.21871222840385","KIBALE","KIBALE","TRUE",NA,"33.753211133706","1.21871222840385"
"573","21010501","21010501","33.9490336912866","1.17808697015916","PETETE","PETETE","FALSE","3961.14774452116","33.9290049","1.1486726"
"576","21010505","21010505","33.8865517708844","1.15466224719926","SIDANYI","PETETE","TRUE",NA,"33.8865517708844","1.15466224719926"
"578","21020101","21020101","33.8884728234238","1.12937637017612","BULANGIRA","BULANGIRA","FALSE","881.049752983473","33.8815901","1.1332863"
"584","21020201","21020201","33.7518929116053","1.09254806071511","BUSETA","BUSETA","FALSE","1047.18331195596","33.75","1.0833334"
"589","21020302","21020302","33.79304728446","1.05790757170474","KIBUKU","KIBUKU","FALSE","1565.51031338456","33.7992536","1.0452874"
"595","21020402","21020402","33.8817390423601","1.00987605898516","KADAMA","KADAMA","FALSE","776.523538466894","33.8833351","1.0166667"
"600","21020505","21020505","33.773669868897","1.00532853581016","TIRINYI","TIRINYI","FALSE","1346.92089490239","33.7624005","1.0009194"
"604","21020602","21020602","33.8516977205172","1.11467845597578","NANKOKOLI","KAGUMU","FALSE","1071.65048059294","33.8428366","1.1109121"
"606","21020704","21020704","33.8519890655465","1.03266297974776","KAJOKO","KIRIKA","FALSE","520.080423270598","33.847332","1.0330451"
"607","21020703","21020703","33.8397001321599","1.01554757607484","NABISWA","KIRIKA","TRUE",NA,"33.8397001321599","1.01554757607484"
"618","21030202","21030202","33.6752140977864","1.21574095399149","APOPONG","APOPONG","TRUE",NA,"33.6752140977864","1.21574095399149"
"622","21030405","21030405","33.8008104330827","1.28412765952872","NYAKOI","KAMEKE","TRUE",NA,"33.8008104330827","1.28412765952872"
"623","21030402","21030402","33.7881990610493","1.25943988169485","KAMEKE","KAMEKE","TRUE",NA,"33.7881990610493","1.25943988169485"
"627","21030501","21030501","33.602405454356","1.18312481047163","APAPA","KASODO","FALSE","6519.54623023021","33.6476479","1.1459233"
"642","21030802","21030802","33.7824554316898","1.11931919263907","MPONGI","PUTI-PUTI","TRUE",NA,"33.7824554316898","1.11931919263907"
"913","20810206","20810206","34.1370642823267","1.21914476862009","KONGUNGA","KACHUMBALA","FALSE","2166.91292178432","34.1196363","1.2104663"
"918","20810214","20810214","34.1154752156378","1.20192111209956","KONGOIDI","KACHUMBALA","FALSE","1361.88969336066","34.1191145","1.2136016"
"927","20810303","20810303","33.9810147020109","1.27202077791316","KIDONGOLE","KIDONGOLE","FALSE","1922.9804012719","33.9648899","1.265814"
"1048","30110103","30110103","31.7755860884497","3.37729499978313","CESIA","ADJUMANI TC","FALSE","863.289318825814","31.7832755","3.3761909"
"1049","30110101","30110101","31.8023374790246","3.38331575367554","BIYAYA","ADJUMANI TC","FALSE","649.299821905747","31.8041664","3.3777761"
"1050","30110102","30110102","31.7914157455593","3.37182688558147","CENTRAL","ADJUMANI TC","FALSE","1254.89976145149","31.7822278","3.3783808"
"1054","30110206","30110206","31.7509280107023","3.34034889185","OPENZINZI","ADROPI","FALSE","756.856267178666","31.7539184","3.3342404"
"1057","30110307","30110307","31.6923128217182","3.4338490627095","OPEJO","CIFORO","TRUE",NA,"31.6923128217182","3.4338490627095"
"1058","30110303","30110303","31.6798124699267","3.40344607017581","LOA","CIFORO","TRUE",NA,"31.6798124699267","3.40344607017581"
"1059","30110306","30110306","31.6635173577601","3.34832356118929","OKANGALI","CIFORO","TRUE",NA,"31.6635173577601","3.34832356118929"
"1062","30110304","30110304","31.5603019264803","3.07852999045986","MAAJI","CIFORO","TRUE",NA,"31.5603019264803","3.07852999045986"
"1067","30110401","30110401","31.9179529370025","3.43549535060197","AJUGOPI","DZAIPI","FALSE","2920.11397945795","31.9398952","3.4499308"
"1069","30110403","30110403","31.9662798844961","3.33315195094992","MGBWERE","DZAIPI","TRUE",NA,"31.9662798844961","3.33315195094992"
"1071","30110506","30110506","31.8076188805836","3.30064603713871","BACERE","OFUA","TRUE",NA,"31.8076188805836","3.30064603713871"
"1073","30110502","30110502","31.8051792457082","3.19434791455576","ODU","OFUA","TRUE",NA,"31.8051792457082","3.19434791455576"
"1077","30110601","30110601","31.8662754348823","3.39414049968082","ATABOO CENTRAL","PAKELLE","FALSE","4244.8939330221","31.8477213","3.3608084"
"1079","30110605","30110605","31.8906055587007","3.36330530233558","MELIADERI","PAKELLE","FALSE","2871.90721940357","31.865156","3.3588194"
"1080","30110602","30110602","31.8766805402981","3.2863660321394","BOROLI","PAKELLE","FALSE","8889.88062902164","31.8477213","3.3608084"
"1083","30210102","30210102","32.75200574591","2.43502094595879","APACH","ABOKE","FALSE","11643.2245943646","32.6828376","2.3565111"
"1084","30210105","30210105","32.7159816332355","2.42664496834732","OPETA","ABOKE","FALSE","8633.81041201639","32.6828376","2.3565111"
"1085","30210101","30210101","32.6656822766232","2.37954783234361","AKWIRIDID","ABOKE","FALSE","3196.42770887915","32.6828376","2.3565111"
"1090","30210405","30210405","32.7025261440413","2.25127843215381","OKWOR","AYER","TRUE",NA,"32.7025261440413","2.25127843215381"
"1091","30210402","30210402","32.6568513512295","2.22647786726198","ALEMI","AYER","TRUE",NA,"32.6568513512295","2.22647786726198"
"1094","30210507","30210507","32.7377585859592","2.16477082733828","OMWARA","BALA","TRUE",NA,"32.7377585859592","2.16477082733828"
"1096","30220203","30220203","32.7521799329903","2.0601011489681","ALIRA","ADUKU","TRUE",NA,"32.7521799329903","2.0601011489681"
"1099","30220204","30220204","32.738868868265","1.97017707487954","ONGOCENG","ADUKU","FALSE","5721.15948982548","32.720961","2.0183543"
"1101","30220303","30220303","32.6595713444726","1.89620740776417","ATONGTIDI","CHAWENTE","TRUE",NA,"32.6595713444726","1.89620740776417"
"1104","30220402","30220402","32.7228106832441","2.11028666472351","AGWICIRI","INOMO","FALSE","6213.34110707779","32.6800131","2.0744235"
"1105","30220403","30220403","32.6336034333016","2.10974677280323","AJOK","INOMO","FALSE","6489.76432486265","32.6800131","2.0744235"
"1106","30220401","30220401","32.6854431645369","2.10812294359664","ABEDMOT","INOMO","FALSE","3799.72875147888","32.6800131","2.0744235"
"1108","30220503","30220503","32.7555829337296","1.89102353898592","ANWANGI","NAMBIESO","FALSE","4644.62883711321","32.7919793","1.8705889"
"1111","30230104","30230104","32.4553797910176","1.84588558861207","AYAGO","AKOKORO","TRUE",NA,"32.4553797910176","1.84588558861207"
"1115","30230205","30230205","32.4839335083298","1.94659713381515","ATOPI","APAC","FALSE","2235.13059987724","32.4833336","1.9666667"
"1116","30230203","30230203","32.6060885413673","1.95303557194047","ATANA","APAC","FALSE","4534.75163468035","32.6333351","1.9833333"
"1117","30230202","30230202","32.5403740065863","1.91206503743665","AKERE","APAC","TRUE",NA,"32.5403740065863","1.91206503743665"
"1118","30230301","30230301","32.544520609602","1.97458733295236","EASTERN WARD","APAC TC","TRUE",NA,"32.544520609602","1.97458733295236"
"1119","30230302","30230302","32.5210623796733","1.97987302450018","WESTERN WARD","APAC TC","TRUE",NA,"32.5210623796733","1.97987302450018"
"1120","30230405","30230405","32.5879022022427","2.18668317275856","TEBOKE","CEGERE","TRUE",NA,"32.5879022022427","2.18668317275856"
"1123","30230403","30230403","32.4866564473182","2.07535177400453","CEGERE","CEGERE","FALSE","3156.15524434309","32.5104002","2.0908704"
"1125","30310102","30310102","30.9241211715791","3.01547295086853","MVARA","ARUA HILL","FALSE","1009.60999461068","30.9331295","3.0143197"
"1130","30320102","30320102","30.8269141590606","3.11410589278992","ANZU","ADUMI","FALSE","7740.09259221203","30.7960486","3.0517797"
"1131","30320104","30320104","30.8295998917799","3.1001345195102","KUBO","ADUMI","FALSE","6548.6110565469","30.7960486","3.0517797"
"1141","30320201","30320201","30.9137893929237","3.11876481270452","ALIBA","AROI","FALSE","1550.49467964805","30.8999996","3.1166666"
"1153","30320402","30320402","30.9571570424735","3.07921464621636","EWADRI","MANIBE","FALSE","1116.43472156015","30.9553638","3.0890826"
"1154","30320408","30320408","30.9235876103568","3.08626689629978","ROBU","MANIBE","TRUE",NA,"30.9235876103568","3.08626689629978"
"1156","30320401","30320401","30.9926951302076","3.07307507256833","ELEKU","MANIBE","TRUE",NA,"30.9926951302076","3.07307507256833"
"1163","30320504","30320504","30.9824471011675","3.00753825355925","TURU","OLUKO","TRUE",NA,"30.9824471011675","3.00753825355925"
"1166","30320501","30320501","30.9527422318277","2.99930359414063","AMBEKO","OLUKO","FALSE","194.83340935986","30.9535253","3.0008694"
"1173","30320605","30320605","30.8884165667756","3.01375577209099","KOMITE","PAJULU","FALSE","4074.06886871564","30.8833332","3.05"
"1175","30320603","30320603","30.9027461096932","2.98634739582341","DRIWALA","PAJULU","FALSE","659.719178032078","30.9010667","2.9806633"
"1179","30340103","30340103","31.0112258432641","2.68389859938122","OCHEBU","OFFAKA","FALSE","11461.6187938365","31.0333328","2.5833333"
"1180","30340102","30340102","31.0135799795306","2.63528549364137","ELIBU","OFFAKA","FALSE","2549.00215199522","31.0002682","2.6166444"
"1181","30340101","30340101","31.0579282710868","2.62242522214462","ADRAA","OFFAKA","FALSE","2786.79225068686","31.0335794","2.6165023"
"1185","30340201","30340201","31.2060703093295","2.89695898947877","AYAVU","OGOKO","FALSE","3042.13142460537","31.1789133","2.8936132"
"1186","30340203","30340203","31.3129820521448","2.89585874723894","OLALI","OGOKO","FALSE","1564.11656389136","31.3069787","2.908566"
"1199","30340402","30340402","31.3822229113333","2.95402052034411","AWUVU","RHINO CAMP","FALSE","2137.29329448572","31.3907894","2.9368323"
"1204","30340504","30340504","31.381445959133","3.07108076204639","ODOI","RIGBO","FALSE","5155.21860023907","31.4213323","3.0474537"
"1207","30340506","30340506","31.3910174435086","3.01797611410822","LUBA","RIGBO","FALSE","4703.6222985885","31.4213323","3.0474537"
"1209","30340603","30340603","31.0305459968499","2.78616664285873","LAURA","ULEPPI","FALSE","1545.56672261482","31.0378102","2.7743293"
"1210","30340602","30340602","31.0931554149439","2.76952598761103","KATIYI","ULEPPI","FALSE","3294.47174269905","31.0652201","2.7596628"
"1213","30370103","30370103","31.07045996035","2.96062235329994","AYAA","AJIA","FALSE","6304.673323681","31.0306432","2.9202935"
"1234","30370404","30370404","30.9149142182552","2.95891482359529","ERUBA","VURRA","FALSE","121.759792461274","30.9159131","2.9584662"
"1407","30620303","30620303","34.12209518022","3.02440996076586","KOTIDO NORTH","KOTIDO TC","FALSE","2346.36585491349","34.1114621","3.0062022"
"1408","30620305","30620305","34.1083764830332","3.01565683544851","NARIKAPET","KOTIDO TC","FALSE","1106.97086049308","34.1114621","3.0062022"
"1409","30620302","30620302","34.1203908893031","2.99985756869663","KOTIDO EAST","KOTIDO TC","FALSE","1218.2178557695","34.1114621","3.0062022"
"1410","30620301","30620301","34.1126634959983","3.00891970191149","KOTIDO CENTRAL","KOTIDO TC","FALSE","823.435892176119","34.110033","3.0020048"
"1413","30620401","30620401","34.171304524263","3.03125955430157","LOOKOROK","NAKAPELIMORU","FALSE","1054.98391896122","34.1750966","3.0225719"
"1417","30620504","30620504","34.2060218869334","2.83782051539894","RIKITAE","PANYANGARA","TRUE",NA,"34.2060218869334","2.83782051539894"
"1419","30620604","30620604","34.0362968013245","3.16539896551499","LOPUYO","RENGEN","TRUE",NA,"34.0362968013245","3.16539896551499"
"1424","30720305","30720305","32.8284101338526","2.63048671416482","OTARA","AROMO","TRUE",NA,"32.8284101338526","2.63048671416482"
"1431","30720306","30720306","32.8477368221935","2.54203443041209","WALELA","AROMO","TRUE",NA,"32.8477368221935","2.54203443041209"
"1437","30760106","30760106","33.2868885828727","2.57228978987526","OKERE","ADWARI","TRUE",NA,"33.2868885828727","2.57228978987526"
"1438","30760103","30760103","33.2847375687104","2.5058624299724","OLAROKWON","ADWARI","FALSE","8656.2914131237","33.2573889","2.4330601"
"1452","30820201","30820201","34.5858372511966","2.49221963939326","KOMARET","NADUNGET","FALSE","2395.28204963185","34.5826008","2.5134925"
"1455","30830101","30830101","34.6578804454241","2.53725030677259","BOMA NORTH","NORTHERN DIVISION","TRUE",NA,"34.6578804454241","2.53725030677259"
"1461","30910202","30910202","31.4805892431684","3.30782762405317","LIWA","GIMARA","TRUE",NA,"31.4805892431684","3.30782762405317"
"1462","30910201","30910201","31.5569536706073","3.31992627661092","GOPELE","GIMARA","FALSE","8947.19880161685","31.55","3.4"
"1465","30910302","30910302","31.6871996392111","3.52543612100336","PALORINYA","ITULA","FALSE","2562.89404907735","31.6854301","3.5024811"
"1470","30920203","30920203","31.6038899037228","3.61555030506552","MASALOA","LEFORI","FALSE","2889.69988751593","31.5949202","3.5911841"
"1472","30920202","30920202","31.5564685139096","3.61666742522246","GWERE","LEFORI","TRUE",NA,"31.5564685139096","3.61666742522246"
"1478","30920404","30920404","31.7259160071016","3.65871015258792","MOYO CENTRAL","MOYO TC","FALSE","707.577559204707","31.7280955","3.6527376"
"1479","30920402","30920402","31.7328784485394","3.65230207357047","CELECELEA","MOYO TC","FALSE","533.561163091033","31.7280955","3.6527376"
"1480","30920401","30920401","31.7191068517237","3.6543772000793","BESIA","MOYO TC","FALSE","10684.0714118882","31.6739371","3.5696464"
"1481","30920502","30920502","31.6724048380711","3.65504160051383","VUURA","MOYO","FALSE","6192.1680497813","31.7280955","3.6527376"
"1488","31010302","31010302","31.4467601239958","2.49430798637451","PACEGO","PANYANGO","FALSE","1303.27509006779","31.4584729","2.4946778"
"1490","31010502","31010502","31.428594272831","2.71140119825957","PAKWINYO","WADELAI","FALSE","2697.45161760882","31.45","2.7"
"1498","31020201","31020201","30.86970925302","2.45487938054871","ABAJI","JANGOKORO","TRUE",NA,"30.86970925302","2.45487938054871"
"1499","31020305","31020305","30.8794746200593","2.65786657894532","PADUBA","KANGO","FALSE","4837.00929239545","30.8369736","2.6486159"
"1507","31020404","31020404","30.9198170659387","2.48855907973625","PALEY","NYAPEA","FALSE","5126.19068169378","30.9553638","2.4592448"
"1508","31020401","31020401","30.9458247110782","2.4678909724687","OYEYO","NYAPEA","FALSE","1432.44609080781","30.9553638","2.4592448"
"1515","31020601","31020601","30.9845088386328","2.41617790631363","CENTRAL","PAIDHA TC","FALSE","247.925819116433","30.9847642","2.4183904"
"1526","31030302","31030302","31.2292371105172","2.48063279731919","OLAGO","KUCWINY","FALSE","8394.15823604035","31.2445731","2.5544659"
"1538","31030604","31030604","31.1365285494207","2.44471871510554","PAMINYA","NYARAVUR","FALSE","7826.50629772465","31.2068277","2.4415498"
"1620","31310104","31310104","31.2124593680428","3.49588384632698","ORINJI","APO","TRUE",NA,"31.2124593680428","3.49588384632698"
"1621","31310101","31310101","31.3145814658821","3.47385695451849","ACHOLI","APO","TRUE",NA,"31.3145814658821","3.47385695451849"
"1624","31310206","31310206","31.1151176405419","3.40782193032469","YIBA","DRAJANI","TRUE",NA,"31.1151176405419","3.40782193032469"
"1626","31310204","31310204","31.1702512287745","3.40736384684681","OROGBO","DRAJANI","TRUE",NA,"31.1702512287745","3.40736384684681"
"1628","31310205","31310205","31.0662579938478","3.33258404649166","PAJAMA","DRAJANI","TRUE",NA,"31.0662579938478","3.33258404649166"
"1630","31310304","31310304","31.1382057114852","3.60660793308357","PALAJA","KEI","TRUE",NA,"31.1382057114852","3.60660793308357"
"1631","31310301","31310301","31.1406136913443","3.55201954616156","AWOBA","KEI","TRUE",NA,"31.1406136913443","3.55201954616156"
"1635","31310405","31310405","31.1662675391109","3.44396383941613","OMBA","KURU","FALSE","1731.2362000683","31.1799633","3.43655"
"1637","31310402","31310402","31.2439699340649","3.43037170776535","GEYA","KURU","TRUE",NA,"31.2439699340649","3.43037170776535"
"1649","31310602","31310602","31.2443833701016","3.37855352125887","MOLI","ODRAVU","FALSE","2322.93355543795","31.2651402","3.3760853"
"1650","31310601","31310601","31.2084836487247","3.35335342506966","LUI","ODRAVU","FALSE","6785.60142853317","31.2651402","3.3760853"
"1655","31310702","31310702","31.4612654131433","3.57416017101342","KOCHI","ROMOGI","TRUE",NA,"31.4612654131433","3.57416017101342"
"1659","31310701","31310701","31.3702862308265","3.49028549013459","BARINGA","ROMOGI","TRUE",NA,"31.3702862308265","3.49028549013459"
"1661","31310802","31310802","31.2354982787071","3.47607600730446","CHARANGA","YUMBE TC","FALSE","1587.56290437176","31.2483291","3.4698023"
"1662","31310801","31310801","31.2570001484213","3.4597175787079","ARUNGA","YUMBE TC","FALSE","1479.39404657477","31.2483291","3.4698023"
"1737","30610105","30610105","34.1238562935832","3.53772365842555","KOMURIA","KAABONG TC","FALSE","936.467111978401","34.1166667","3.5333333"
"1739","30610106","30610106","34.1252787296298","3.52682739114746","LOPUTUK","KAABONG TC","FALSE","1855.77272491766","34.1337219","3.5124436"
"1740","30610104","30610104","34.1385510243769","3.52280832487493","KAPILAN BAR","KAABONG TC","FALSE","1272.45615568624","34.1337219","3.5124436"
"1741","30610103","30610103","34.1453689691157","3.5148898158547","KAMPSWAHILI","KAABONG TC","TRUE",NA,"34.1453689691157","3.5148898158547"
"1742","30610102","30610102","34.1325530146887","3.51560774182656","CENTRAL","KAABONG TC","FALSE","375.411733178105","34.1337219","3.5124436"
"1743","30610101","30610101","34.1355695175953","3.50757657677536","BIAFRA","KAABONG TC","FALSE","579.383574172786","34.1337219","3.5124436"
"1746","30610202","30610202","34.2397673718288","3.67825933367986","KAPALATA","KALAPATA","FALSE","5841.65721786414","34.1893473","3.663359"
"1751","30610301","30610301","33.9364441086992","3.67276908713651","KAPEDO","KAPEDO","TRUE",NA,"33.9364441086992","3.67276908713651"
"1756","30610405","30610405","33.7128804451334","3.62767634977226","LOYORO NAPORE","KARENGA","TRUE",NA,"33.7128804451334","3.62767634977226"
"1763","30610504","30610504","34.0130892858751","3.6386216912517","NARIAMAOI","KATHILE","FALSE","4913.96949597273","34.0572227","3.6415699"
"1765","30610602","30610602","33.9260213851766","3.36063558679155","LOLELIA","LOLELIA","FALSE","4961.55829916141","33.933333","3.3166669"
"1771","30610704","30610704","34.3190604855499","3.2246179580319","TOROI","LOYORO","TRUE",NA,"34.3190604855499","3.2246179580319"
"1774","30610803","30610803","34.0778451875176","3.3172740532465","LONGARO","SIDOK","TRUE",NA,"34.0778451875176","3.3172740532465"
"1776","30610902","30610902","34.062189557092","3.5856021259136","LOKERUI","KAABONG","FALSE","4369.23965954635","34.0824118","3.5519395"
"1777","30610905","30610905","34.1355363351367","3.57193655290969","LOSONGOLO","KAABONG","FALSE","6625.79281158478","34.1337219","3.5124436"
"1780","30330104","30330104","30.9542779015438","3.42528808246017","TEREMUNGA","KOBOKO TC","FALSE","602.3220049194","30.9559763","3.4201498"
"1781","30330102","30330102","30.965154938267","3.42362465194059","MALENGA","KOBOKO TC","FALSE","1026.04913335128","30.9589496","3.4167992"
"1788","30330307","30330307","31.019090201979","3.45058455141212","NYAI","LOBULE","FALSE","2276.46264908506","31.0370935","3.4408251"
"1795","30330311","30330311","31.0148764708713","3.39749159247926","PONYURA","LOBULE","TRUE",NA,"31.0148764708713","3.39749159247926"
"1807","30330403","30330403","31.0450605735422","3.48248781759074","GUREPI","LUDARA","FALSE","497.319593736523","31.045156","3.4869543"
"1808","30330508","30330508","30.956188745363","3.48534072671672","KINGABA","MIDIA","TRUE",NA,"30.956188745363","3.48534072671672"
"1811","30330510","30330510","30.9510791886599","3.46295484279167","LURUNU","MIDIA","TRUE",NA,"30.9510791886599","3.46295484279167"
"1824","30350106","30350106","31.0073952957233","3.26309769751192","OKUVU","YIVU","FALSE","1357.78091800585","31.0168455","3.2553677"
"1830","30350203","30350203","30.9363891965028","3.24620158671209","PABURA","NYADRI","TRUE",NA,"30.9363891965028","3.24620158671209"
"1834","30350301","30350301","30.9287009835789","3.3151866951609","BANGO","OLEBA","FALSE","2089.64761188865","30.9216522","3.297784"
"1849","30350501","30350501","31.0344534310322","3.28411244647632","ANIVU","TARA","TRUE",NA,"31.0344534310322","3.28411244647632"
"1858","30350701","30350701","30.9343127326414","3.14668863737819","ALIVU","KIJOMORO","FALSE","3811.67757986886","30.9051516","3.1647065"
"1877","30360302","30360302","30.9546239113973","3.11229090656615","OCHOPI","KATRINI","FALSE","1424.53874466983","30.9666672","3.1166666"
"1878","30360306","30360306","30.9904934887847","3.10183429766363","ONZORO","KATRINI","FALSE","3120.95680098783","30.9666672","3.1166666"
"1887","30360501","30360501","31.1280726189064","3.2774225710883","ANGAZI","OMUGO","FALSE","1773.68455706627","31.1123219","3.2748546"
"1900","30240201","30240201","32.4742655734902","2.40617230607236","ABANYA","ACABA","TRUE",NA,"32.4742655734902","2.40617230607236"
"1901","30240202","30240202","32.5316390901811","2.38257221215294","ANYEKE","ACABA","FALSE","3735.26872801181","32.500599","2.395382"
"1902","30240203","30240203","32.4569247386807","2.36619687976303","ATEKOBER","ACABA","TRUE",NA,"32.4569247386807","2.36619687976303"
"1907","30240302","30240302","32.6603133725168","2.43614809121319","AUNGU","ICEME","FALSE","2474.26825274909","32.6745404","2.4190606"
"1910","30240402","30240402","32.5467767040488","2.26879232484248","ADYEDA","LORO","TRUE",NA,"32.5467767040488","2.26879232484248"
"1912","30240404","30240404","32.5060351959595","2.20439173835679","ALUTKOT","LORO","TRUE",NA,"32.5060351959595","2.20439173835679"
"1916","30240606","30240606","32.5071304071792","2.586339882507","ACUT","NGAI","TRUE",NA,"32.5071304071792","2.586339882507"
"1917","30240601","30240601","32.5777338527134","2.53180932065095","AJERIJERI","NGAI","TRUE",NA,"32.5777338527134","2.53180932065095"
"1919","30240602","30240602","32.5123150647977","2.51407335672779","AKUCA","NGAI","FALSE","11793.3463699371","32.4070834","2.5271616"
"1921","30240605","30240605","32.4721136947779","2.4507619152323","OMAC","NGAI","FALSE","11164.1157372526","32.4070834","2.5271616"
"1923","30240705","30240705","32.6943952353024","2.53524378284417","OKII","OTWAL","FALSE","7323.47573388532","32.75","2.5"
"1924","30240703","30240703","32.7217198334953","2.53833174894113","AJUL","OTWAL","FALSE","5300.89538570712","32.75","2.5"
"2274","31010103","31010103","31.4509390456465","2.44420702165654","PAROKETO","PAKWACH","FALSE","4048.98798086491","31.4536776","2.4079374"
"3484","20820102","20820102","33.9338973919469","1.43542003505678","ATERAI","ATUTUR","FALSE","240.584243532158","33.9333344","1.4333334"
"3486","20820109","20820109","34.0096609590003","1.42751230732701","APAPAI","ATUTUR","TRUE",NA,"34.0096609590003","1.42751230732701"
"3490","20820104","20820104","34.0016865359452","1.37377526331799","KAPOKIN","ATUTUR","FALSE","2624.61553736738","33.9947606","1.396313"
"3495","20820204","20820204","33.9346623566389","1.37719363098495","KANYUM","KANYUM","TRUE",NA,"33.9346623566389","1.37719363098495"
"3503","20820205","20820205","33.996583815018","1.32749692670252","KATILEKORI","KANYUM","TRUE",NA,"33.996583815018","1.32749692670252"
"3504","20820301","20820301","33.9091507983873","1.60625225198109","AGULE","KUMI","FALSE","2956.00450147026","33.883333","1.6"
"3513","20820302","20820302","33.9060215275262","1.50074910016081","KABATA","KUMI","FALSE","1894.34766612164","33.9000015","1.5166667"
"3515","20820305","20820305","33.9203228996742","1.47088684223284","OLUNGIA","KUMI","FALSE","263.279055860915","33.9181745","1.4718773"
"3517","20820402","20820402","33.9454092184443","1.49066267913878","BOMA","KUMI TC","FALSE","1470.9555246319","33.9331874","1.4856295"
"3519","20820404","20820404","33.9360364907526","1.48237651619022","TANK","KUMI TC","FALSE","481.30430456407","33.9331874","1.4856295"
"3520","20820403","20820403","33.9236092227733","1.48357464944858","KANYUM","KUMI TC","FALSE","11463.9100039148","33.9000015","1.3833333"
"3524","20820516","20820516","33.7920558698218","1.35172891449584","KACHABOI","MUKONGORO","TRUE",NA,"33.7920558698218","1.35172891449584"
"3528","20820505","20820505","33.8304912993467","1.32685643805287","OGOSOI","MUKONGORO","FALSE","7769.28356893035","33.9000015","1.3333334"
"3534","20820604","20820604","33.8754100941401","1.48451087097031","NYERO","NYERO","FALSE","2830.89368577962","33.8499985","1.4833333"
"3535","20820601","20820601","33.8851962331584","1.45550690243473","AGURUT","NYERO","FALSE","4684.96925547009","33.8462162","1.4714054"
"3537","20820608","20820608","33.8463506686114","1.41691846823544","KALAPATA","NYERO","FALSE","7404.40154018426","33.8499985","1.4833333"
"3541","20820602","20820602","33.8023239259201","1.40355815359406","KAMENYA","NYERO","FALSE","10344.6276860557","33.8499985","1.4833333"
"3550","20820706","20820706","34.0131231227489","1.56167159072842","ONGINO","ONGINO","FALSE","6476.01656887803","34.05","1.516667"
"3559","20830109","20830109","33.8147018605061","1.66115742001395","AGULE","KAPIR","FALSE","2862.66168191715","33.7936688","1.6463494"
"3561","20830105","20830105","33.7780310237536","1.65319491583795","KAPIR","KAPIR","FALSE","1899.61563324857","33.7936688","1.6463494"
"3569","20830115","20830115","33.7722712369275","1.56645296486015","OLUWA","KAPIR","FALSE","9207.22974402795","33.7936688","1.6463494"
"3581","20830215","20830215","33.6786215919374","1.39620956996481","KALENGO","KOBWIN","FALSE","7954.64143001444","33.75","1.4"
"3587","20830203","20830203","33.7843513020852","1.37555061888714","ATOOT","KOBWIN","FALSE","4692.73652161831","33.75","1.4"
"3592","20830311","20830311","33.870938871467","1.61016832877569","KAMODOKIMA","MUKURA","FALSE","1224.88001810209","33.8689399","1.599348"
"3593","20830306","20830306","33.838365914483","1.6157186591734","MORUKAKISE","MUKURA","FALSE","5394.54141405487","33.8586593","1.5717088"
"3596","20830313","20830313","33.8711822283995","1.57610361019011","ADUL","MUKURA","FALSE","1476.90293288189","33.8586593","1.5717088"
"3607","20830412","20830412","33.8344981058699","1.49051040852319","KALENGO","NGORA","FALSE","7284.11475607083","33.778309","1.4569467"
"3612","20830402","20830402","33.805210659239","1.47055904663123","KOBUKU","NGORA","FALSE","5398.05586733557","33.7666664","1.5"
"3621","20830410","20830410","33.7725854931497","1.45836926497293","NGORA TOWNSHIP","NGORA","FALSE","711.505420778859","33.7789696","1.4580205"
"3625","21030101","21030101","33.7206312594941","1.32099342081018","AGULE","AGULE","FALSE","4721.315753561","33.7084594","1.2803643"
"3627","21030302","21030302","33.5087522914241","1.28139293648825","GOGONYO","GOGONYO","FALSE","7782.085684791","33.5770012","1.2661788"
"3628","21030303","21030303","33.5847849630317","1.22623463290276","KACHANGO","GOGONYO","FALSE","4530.16277130808","33.5770012","1.2661788"
"3633","21110104","21110104","33.3178322726452","1.53745172107251","KONGOTO","BUGONDO","FALSE","9328.33521327082","33.288601","1.61599"
"3644","21120102","21120102","33.5427047653352","1.58816120526971","ATIIRA","ATIIRA","TRUE",NA,"33.5427047653352","1.58816120526971"
"3648","21120204","21120204","33.5550187502386","1.40219535625539","OJETENYANG","KATETA","TRUE",NA,"33.5550187502386","1.40219535625539"
"3649","21120303","21120303","33.6582072673799","1.53876321388278","KELIM","KYERE","FALSE","8987.25622679949","33.596432","1.486759"
"3654","21120401","21120401","33.4117936247578","1.58874202676526","AKOBOI","OLIO","TRUE",NA,"33.4117936247578","1.58874202676526"
"3655","21120403","21120403","33.4363237991054","1.55187432799646","OKULONYO","OLIO","TRUE",NA,"33.4363237991054","1.55187432799646"
"3661","21130102","21130102","33.5915565678112","1.78145434524719","ARAPAI","ARAPAI","FALSE","4763.28950494752","33.6343619","1.78209"
"3662","21130203","21130203","33.5273180142182","1.66064917153004","OCHOKICAN","ASURET","FALSE","9454.02749506578","33.5999985","1.6166667"
"3663","21130204","21130204","33.6195886646424","1.65585147044927","OTATAI","ASURET","FALSE","4876.28372124808","33.6","1.616667"
"3667","21130304","21130304","33.7504285288216","1.73911517213269","GWERI","GWERI","FALSE","3140.52149446283","33.7333336","1.7166667"
"3668","21130303","21130303","33.6956865546992","1.72752866332751","DOKOLO","GWERI","FALSE","10064.0088448714","33.6063855","1.7131812"
"3676","21130504","21130504","33.5446595777538","1.84120617935246","OJOM","KATINE","FALSE","960.120677777184","33.5365611","1.8382277"
"3678","21130503","21130503","33.526025750747","1.80457759378568","OCHULOI","KATINE","FALSE","4316.48110949981","33.5","1.8333333"
"3680","21130602","21130602","33.6626030333212","1.70987161264137","OPUYO","SOROTI","FALSE","6266.15540115045","33.6063855","1.7131812"
"3681","21130701","21130701","33.5042596757966","1.99379458393581","ACHUNA","TUBUR","TRUE",NA,"33.5042596757966","1.99379458393581"
"3685","21140103","21140103","33.6277217776763","1.71520906646405","KENGERE WARD","EASTERN DIVISION","TRUE",NA,"33.6277217776763","1.71520906646405"
"3687","21140104","21140104","33.6252842105708","1.70835056923563","MORUAPESUR WARD","EASTERN DIVISION","TRUE",NA,"33.6252842105708","1.70835056923563"
"3689","21140201","21140201","33.6116113058002","1.73548123437619","CAMP SWAHILI WARD","NORTHERN DIVISION","FALSE","765.00526111514","33.6161782","1.7303442"
"3691","21140202","21140202","33.6264161979297","1.72385033355395","KICHINJAJI WARD","NORTHERN DIVISION","TRUE",NA,"33.6264161979297","1.72385033355395"
"3692","21140301","21140301","33.596613382703","1.72502783671811","NAKATUNYA WARD","WESTERN DIVISION","TRUE",NA,"33.596613382703","1.72502783671811"
"3695","21140303","21140303","33.6155467627572","1.7021741434307","PAMBA WARD","WESTERN DIVISION","TRUE",NA,"33.6155467627572","1.7021741434307"
"3698","21310103","21310103","33.1377698683724","1.82641428524653","PALATAU","ALWA","FALSE","4023.85608854362","33.169591","1.8435914"
"3703","21310301","21310301","33.1374827347328","1.72988508117374","KABALKWERU","KOBULUBULU","TRUE",NA,"33.1374827347328","1.72988508117374"
"3707","21310402","21310402","33.0518799043645","1.66903594819108","KANYALAM","OCHERO","FALSE","1639.94188370364","33.0574467","1.6826765"
"3709","21310403","21310403","32.9920748993224","1.60595784641217","SWAGERE","OCHERO","FALSE","8640.23884686303","33.0148759","1.6801527"
"3715","21320101","21320101","33.3584088943463","1.98233934146362","ANYARA","ANYARA","FALSE","4027.35336101188","33.3240624","1.9937678"
"3716","21320202","21320202","33.3138663107932","1.73362375455555","OBUR","BULULU","TRUE",NA,"33.3138663107932","1.73362375455555"
"3720","21320302","21320302","33.3328878591265","1.83670122221952","KALAKI","KALAKI","FALSE","2566.47448547919","33.3401975","1.8148344"
"3726","21320404","21320404","33.2719718942213","1.86593915792198","LWALA","OTUBOI","FALSE","6679.48776673861","33.3009073","1.9185129"
"3835","20810108","20810108","34.0927977590766","1.3136785301592","KOKUTU","BUKEDEA","FALSE","1172.1599112184","34.0875292","1.3045609"
"3838","20810403","20810403","34.1655281820469","1.32267808937727","KOLIR","KOLIR","FALSE","441.551280890772","34.1629295","1.3196808"
"3841","20810505","20810505","34.0896773271726","1.49590201563803","KORENG","MALERA","FALSE","8388.70127446461","34.0397109","1.439478"
"3846","20810507","20810507","34.073045594708","1.43471574527054","MALERA","MALERA","FALSE","3747.32230703354","34.0397109","1.439478"
"3894","30210202","30210202","32.8287495227638","2.17810197400742","ADYANG","AKALO","TRUE",NA,"32.8287495227638","2.17810197400742"
"3896","30210203","30210203","32.8176527281415","2.12415897164112","ADYEDA","AKALO","FALSE","1871.25146685453","32.80999","2.1391233"
"3897","30210204","30210204","32.8796331726534","2.11664706791054","BAR-AKALO","AKALO","TRUE",NA,"32.8796331726534","2.11664706791054"
"3898","30210301","30210301","32.8121236878982","2.4680295739991","ALITO","ALITO","FALSE","6553.22289505205","32.783333","2.416667"
"3899","30210305","30210305","32.8544527684808","2.47631283580049","OTKWAC","ALITO","FALSE","10327.2036573966","32.783333","2.416667"
"3903","30210302","30210302","32.8899086896703","2.36318192788893","AYARA","ALITO","TRUE",NA,"32.8899086896703","2.36318192788893"
"3906","30210501","30210501","32.7995269227585","2.22864049476119","AGEGE I","BALA","TRUE",NA,"32.7995269227585","2.22864049476119"
"3908","30210506","30210506","32.7772840743183","2.17717601906847","OMUGE","BALA","FALSE","3327.64111058677","32.7494559","2.1881437"
"3910","30220102","30220102","32.853142410285","2.05128663722069","ABWONG","ABONGOMOLA","TRUE",NA,"32.853142410285","2.05128663722069"
"3911","30220101","30220101","32.7767703007049","1.99358998826643","ABANY","ABONGOMOLA","TRUE",NA,"32.7767703007049","1.99358998826643"
"3912","30220105","30220105","32.8498071099909","1.98684788701974","AMORIGOGA","ABONGOMOLA","FALSE","1368.94244869082","32.8574038","1.9965219"
"3913","30220103","30220103","32.8155213611821","1.99552968582228","ACUNGI","ABONGOMOLA","TRUE",NA,"32.8155213611821","1.99552968582228"
"3914","30220302","30220302","32.6180419120574","1.8223546581235","ALIDO","CHAWENTE","TRUE",NA,"32.6180419120574","1.8223546581235"
"3915","30220507","30220507","32.9309330501696","1.94552027403632","OWINY","NAMBIESO","TRUE",NA,"32.9309330501696","1.94552027403632"
"3920","30230101","30230101","32.4143559768443","1.77593157612143","AKOKORO","AKOKORO","FALSE","8373.38002486933","32.3950467","1.7032305"
"3921","30230103","30230103","32.3557510311089","1.78876997023293","AWILA","AKOKORO","FALSE","10478.0660162594","32.3950467","1.7032305"
"3922","30230105","30230105","32.3194296116289","1.70569755595568","AYEOLYEC","AKOKORO","FALSE","8418.41214666685","32.3950467","1.7032305"
"3923","30230106","30230106","32.1910536007296","1.70137854034919","KUNGU","AKOKORO","TRUE",NA,"32.1910536007296","1.70137854034919"
"3925","30230503","30230503","32.3858109799162","1.99646449867376","ALWOROCENG","IBUJE","FALSE","10755.1743713808","32.380176","1.9000134"
"3926","30230504","30230504","32.4179772867846","1.92946248151047","AMII","IBUJE","FALSE","1114.08186258511","32.4084994","1.9326922"
"3927","30230502","30230502","32.3824740887596","1.87316030986697","AKETO","IBUJE","FALSE","3000.18716134694","32.380176","1.9000134"
"3929","30230501","30230501","32.1916244281061","1.75143039240102","AGANGA","IBUJE","TRUE",NA,"32.1916244281061","1.75143039240102"
"3934","30720101","30720101","32.953563168253","2.23542392244005","ADEKOKWOK","ADEKOKWOK","FALSE","4115.21498613874","32.9183802","2.2239943"
"3936","30720105","30720105","32.8902936545052","2.20475650277273","BOKE","ADEKOKWOK","FALSE","3787.75779279913","32.9183802","2.2239943"
"3943","30720209","30720209","33.0253085029213","2.09629694553258","AYACH","AMACH","FALSE","1061.74468385247","33.016074","2.093887"
"3948","30720404","30720404","32.9961408927929","2.26192393971984","OBER","BARR","FALSE","3756.72962839043","33.0225859","2.240933"
"3949","30720403","30720403","33.0725506529826","2.25876667871545","AYIRA","BARR","FALSE","3150.35034531762","33.0503828","2.2411531"
"3952","30720405","30720405","32.9855027066468","2.20432752762291","OLILO","BARR","TRUE",NA,"32.9855027066468","2.20432752762291"
"3953","30720501","30720501","32.8326045707845","2.28824407070338","AMUCA","LIRA","FALSE","6953.83898092445","32.88735","2.2580807"
"3954","30720503","30720503","32.875285898476","2.28963688382369","OMITO","LIRA","FALSE","3762.4282690718","32.8874067","2.2580829"
"3955","30720502","30720502","32.8397793680479","2.2496769357756","BAR APWO","LIRA","FALSE","11740.3813378942","32.9437667","2.2316169"
"3956","30720504","30720504","32.8562401263925","2.22737724276838","ANAI","LIRA","FALSE","2441.72828300725","32.8755908","2.2170219"
"3962","30740104","30740104","32.8873727753099","2.27178873600002","OMITO","ADYEL","TRUE",NA,"32.8873727753099","2.27178873600002"
"3966","30740105","30740105","32.9044103901143","2.26089307377266","TESO A","ADYEL","TRUE",NA,"32.9044103901143","2.26089307377266"
"3967","30740102","30740102","32.8957495518115","2.26323777475027","KIROMBE","ADYEL","FALSE","1086.4236492138","32.9027011","2.2700934"
"3969","30740203","30740203","32.9055707665865","2.24543552313906","SENIOR QUARTERS","CENTRAL","FALSE","386.85036479201","32.9057271","2.2419639"
"3971","30740205","30740205","32.9169011159911","2.23390596899183","IREDA EAST","CENTRAL","FALSE","924.954312093947","32.9100108427826","2.22925455"
"3972","30740204","30740204","32.8951212198008","2.23769889259346","TE-OBIA","CENTRAL","FALSE","615.394728911963","32.8926438253934","2.23275595"
"3973","30740202","30740202","32.8960558779398","2.22865716735121","IREDA WEST","CENTRAL","FALSE","214.074121916456","32.8977893327803","2.2278218"
"3975","30740301","30740301","32.8922888376014","2.25553015080141","ALITO CAMP","OJWINA","TRUE",NA,"32.8922888376014","2.25553015080141"
"3977","30740303","30740303","32.8906828605084","2.24448191226809","IPITO AWENO","OJWINA","FALSE","514.56895168167","32.8909288377155","2.239866"
"3980","30740402","30740402","32.9109797545635","2.2599215944477","BAR ONGER","RAILWAY","FALSE","786.426767326585","32.9163774","2.2553588"
"3981","30740404","30740404","32.9184435798627","2.25408153208596","TE MOGO","RAILWAY","TRUE",NA,"32.9184435798627","2.25408153208596"
"3982","30740403","30740403","32.9118074880342","2.25182290200496","RAILWAY QUARTERS","RAILWAY","FALSE","200.273740159444","32.9114648","2.2500567"
"3986","30750102","30750102","33.2471061851095","2.12872239802857","ALANYI","ABAKO","FALSE","3147.96145449163","33.2236838","2.1445917"
"3987","30750106","30750106","33.1503480846534","2.14455887802686","OWALO","ABAKO","TRUE",NA,"33.1503480846534","2.14455887802686"
"3990","30750205","30750205","33.2001135194696","2.3843209507807","ANARA","ALOI","TRUE",NA,"33.2001135194696","2.3843209507807"
"3994","30750204","30750204","33.2465625520112","2.27700983577915","ALEBTONG","ALOI","FALSE","7711.44007083758","33.1773203","2.2735715"
"4003","30750403","30750403","33.063828025069","2.4373852543376","ATINKOK","APALA","FALSE","4947.25570153644","33.0409131","2.3992942"
"4020","30760303","30760303","33.4953998696853","2.4512698314397","ANGETTA","OLILIM","FALSE","5730.21759148786","33.5","2.4"
"4023","30760305","30760305","33.5971799933529","2.42624416698395","OGWETE","OLILIM","FALSE","11196.3089240407","33.5","2.4"
"4029","30760401","30760401","33.3422025675428","2.37476490318202","ALANGI","ORUM","TRUE",NA,"33.3422025675428","2.37476490318202"
"4034","30810202","30810202","33.8670539812044","2.41378352860668","APEITOLIM","LOKOPO","TRUE",NA,"33.8670539812044","2.41378352860668"
"4035","30810403","30810403","34.5587422335771","2.40342653971674","MORUONGOR","LOTOME","FALSE","6201.38621526342","34.5279139","2.3570085"
"4037","30810402","30810402","34.469418679106","2.31191267219484","LOMUNO","LOTOME","FALSE","9281.58153313761","34.5072305","2.3862399"
"4039","30810502","30810502","34.4095496944303","2.36587605948399","LOKUPOI","MATANY","FALSE","10286.4579661642","34.4609785","2.442677"
"4040","30810503","30810503","34.3850435423161","2.38803008240452","LOKUWAS","MATANY","FALSE","6240.93469813685","34.3948617","2.4432285"
"4046","31020502","31020502","31.0186113700924","2.41670446166405","KAYA","PAIDHA","FALSE","3769.17160216745","30.9847642","2.4183904"
"4059","31110103","31110103","34.7219525980327","1.82402469435117","NAMOROTOT","KAKOMONGOLE","FALSE","11628.9511400968","34.6552328","1.9044364"
"4060","31110202","31110202","34.7856774752088","1.96863607746272","MORUITA","MORUITA","FALSE","9827.56548271569","34.7547433","1.8859441"
"4062","31110301","31110301","34.7091918425782","1.85858823533677","KATANGA/TOWNSHIP","NAKAPIRIPIRIT TC","FALSE","1662.17914239098","34.7215859","1.8502515"
"4063","31110302","31110302","34.7126659827428","1.84754443301555","LOBULIO-LOMUU","NAKAPIRIPIRIT TC","FALSE","1037.18653651729","34.7215859","1.8502515"
"4065","31110402","31110402","34.6311871070083","1.79344127793285","KOKUWAUM","NAMALU","FALSE","4778.16439143063","34.6109691","1.755573"
"4069","31120102","31120102","34.6341617595104","1.99974731402727","LOTARUK","LOLACHAT","TRUE",NA,"34.6341617595104","1.99974731402727"
"4074","31120201","31120201","34.6064334360266","2.39912890322509","KAMATURU","LORENGEDWAT","FALSE","4773.88568520527","34.5884828","2.3601749"
"4075","31120203","31120203","34.6897226438302","2.23331896655036","NATHINYONOIT","LORENGEDWAT","TRUE",NA,"34.6897226438302","2.23331896655036"
"4078","31120305","31120305","34.6606257790398","2.07675572822488","MORUANGIBUIN","NABILATUK","FALSE","7372.83809518715","34.6","2.05"
"4084","31130101","31130101","34.9240613570379","1.88446741754875","AMUDAT","AMUDAT","FALSE","7982.66676242301","34.9437716","1.9534181"
"4086","31130203","31130203","34.8437845471667","1.63151745173435","LOSIDOK","KARITA","TRUE",NA,"34.8437845471667","1.63151745173435"
"4093","30730106","30730106","32.9511852235578","1.72677148467773","OTIRA","APUTI","FALSE","2296.83378086232","32.9375482","1.7112824"
"4096","30730105","30730105","32.973568118551","1.6887031731759","AWONAGIRO","APUTI","TRUE",NA,"32.973568118551","1.6887031731759"
"4106","30730208","30730208","32.703351452009","1.64895503598038","ETAM","AWELO","TRUE",NA,"32.703351452009","1.64895503598038"
"4110","30730305","30730305","32.9441849387248","1.60059313191456","NAKATITI","MUNTU","FALSE","5552.24584587452","32.8979766","1.5817751"
"4112","30730302","30730302","32.7487677238711","1.60266761290983","ALYECMEDA","MUNTU","TRUE",NA,"32.7487677238711","1.60266761290983"
"4120","30730408","30730408","32.6981798305805","1.51621564979238","BANGALADESH","NAMASALE","FALSE","9177.54004066372","32.6159899","1.509403"
"4123","30710101","30710101","32.9353415622243","2.0475523823407","BARDYANG","AGWATA","FALSE","4366.05945821508","32.9002885","2.0299137"
"4126","30710102","30710102","32.906821790089","1.99986771438188","ADOK","AGWATA","FALSE","10942.0470672205","33.0036144","1.9824256"
"4128","30710107","30710107","32.9405508067567","1.97878261996172","APYE","AGWATA","FALSE","1891.51172760739","32.9513025","1.9656199"
"4143","30710305","30710305","33.1687811292137","1.91040535811067","ANGWECIBANGE","DOKOLO","FALSE","441.732251596599","33.171699","1.9130964"
"4154","30240106","30240106","32.3309886238414","2.28997938271568","PUKICA","ABER","TRUE",NA,"32.3309886238414","2.28997938271568"
"4155","30240104","30240104","32.291746445404","2.2643003267772","KAMDINI","ABER","TRUE",NA,"32.291746445404","2.2643003267772"
"4157","30240102","30240102","32.3639848347562","2.19575860689458","AKAKA","ABER","TRUE",NA,"32.3639848347562","2.19575860689458"
"4158","30240103","30240103","32.3518131646283","2.13520423489039","ATURA","ABER","FALSE","8508.71903620498","32.3419274","2.2109983"
"4160","30240501","30240501","32.4045197591673","2.43632088895514","ACENO","MINAKULU","FALSE","2105.24645402392","32.3868149","2.4430112"
"4163","30240504","30240504","32.3398962661864","2.37148086484237","ATEK","MINAKULU","FALSE","9282.98563194734","32.380176","2.4445177"
"4809","31030703","31030703","31.1589294029927","2.32858141543564","PAGWATA","PAROMBO","FALSE","5674.52818724204","31.2025336","2.3021193"
"4815","31030101","31030101","31.2324151942943","2.24410311108675","KASATU","AKWORO","TRUE",NA,"31.2324151942943","2.24410311108675"
"5216","20820301","20820301","33.9126914395341","1.63327786856581","AGULE","KUMI","FALSE","4939.18505613505","33.883333","1.6"
"5230","20830109","20830109","33.82847465406","1.67683328672974","AGULE","KAPIR","FALSE","5149.28906932202","33.7936688","1.6463494"
"5232","20830105","20830105","33.7717070984534","1.64015320060291","KAPIR","KAPIR","FALSE","2539.23784810792","33.7936688","1.6463494"
"5233","20830105","20830105","33.7470670663598","1.65775592419884","KAPIR","KAPIR","FALSE","5338.72462571744","33.7936688","1.6463494"
"5234","20830105","20830105","33.7470035498535","1.6594300463678","KAPIR","KAPIR","FALSE","5392.89461897094","33.7936688","1.6463494"
"5249","20830215","20830215","33.6719672614524","1.41521164813683","KALENGO","KOBWIN","FALSE","8847.50345510311","33.75","1.4"
"5250","20830215","20830215","33.6749107398695","1.40269247234124","KALENGO","KOBWIN","FALSE","8361.77167010408","33.75","1.4"
"5265","20830311","20830311","33.8872753859232","1.63322535258983","KAMODOKIMA","MUKURA","FALSE","4287.74817600387","33.8689399","1.599348"
"5274","21010101","21010101","33.8980187336912","1.20268383632189","BUTEBO","BUTEBO","FALSE","2661.59915052437","33.9213365","1.1973747"
"5286","21030101","21030101","33.7174436465435","1.33707415235199","AGULE","AGULE","FALSE","6391.60215873846","33.7084594","1.2803643"
"5290","21030202","21030202","33.6408515864031","1.21373985660442","APOPONG","APOPONG","TRUE",NA,"33.6408515864031","1.21373985660442"
"5295","21030302","21030302","33.3990718629053","1.33483781491298","GOGONYO","GOGONYO","TRUE",NA,"33.3990718629053","1.33483781491298"
"5296","21030302","21030302","33.4786975305188","1.32881180180872","GOGONYO","GOGONYO","TRUE",NA,"33.4786975305188","1.32881180180872"
"5297","21030302","21030302","33.4221907765404","1.30729118230205","GOGONYO","GOGONYO","TRUE",NA,"33.4221907765404","1.30729118230205"
"5298","21030302","21030302","33.4088670738033","1.30130817430418","GOGONYO","GOGONYO","TRUE",NA,"33.4088670738033","1.30130817430418"
"5299","21030302","21030302","33.4965074648162","1.29688397743184","GOGONYO","GOGONYO","FALSE","9588.22650466722","33.5770012","1.2661788"
"5300","21030302","21030302","33.4903689773084","1.2917013507281","GOGONYO","GOGONYO","FALSE","10051.3570646129","33.5770012","1.2661788"
"5301","21030302","21030302","33.4538671150463","1.28968798853544","GOGONYO","GOGONYO","TRUE",NA,"33.4538671150463","1.28968798853544"
"5302","21030302","21030302","33.5710582066664","1.30649251683493","GOGONYO","GOGONYO","FALSE","4536.17996680321","33.5770012","1.2661788"
"5303","21030302","21030302","33.5398164397114","1.31564106563698","GOGONYO","GOGONYO","FALSE","6887.89765349052","33.5770012","1.2661788"
"5304","21030302","21030302","33.4979856972346","1.31142409758461","GOGONYO","GOGONYO","FALSE","10134.0044504366","33.5770012","1.2661788"
"5305","21030302","21030302","33.5305768765527","1.29723909987344","GOGONYO","GOGONYO","FALSE","6216.85386401001","33.5770012","1.2661788"
"5306","21030302","21030302","33.5443392239353","1.29653070898969","GOGONYO","GOGONYO","FALSE","4962.78916395205","33.5770012","1.2661788"
"5307","21030302","21030302","33.5509074588591","1.27991820162009","GOGONYO","GOGONYO","FALSE","3282.16678781145","33.5770012","1.2661788"
"5308","21030302","21030302","33.5914529503955","1.28172216327958","GOGONYO","GOGONYO","FALSE","2362.35065992265","33.5770012","1.2661788"
"5309","21030302","21030302","33.6026159169175","1.3034884934092","GOGONYO","GOGONYO","FALSE","5037.4954492861","33.5770012","1.2661788"
"5310","21030302","21030302","33.5573101504497","1.33889468607484","GOGONYO","GOGONYO","FALSE","8386.08751863431","33.5770012","1.2661788"
"5311","21030303","21030303","33.6150542966689","1.21297838798197","KACHANGO","GOGONYO","FALSE","7280.70680299083","33.5770012","1.2661788"
"5313","21030501","21030501","33.6217910940648","1.20251451802222","APAPA","KASODO","FALSE","6925.87928988935","33.6476479","1.1459233"
"5318","21030903","21030903","33.8520188943479","1.21537098436216","BOLISO II","KAMUGE","FALSE","6513.57330734898","33.8160059","1.169248"
"5351","21120204","21120204","33.545020744265","1.35768431753225","OJETENYANG","KATETA","TRUE",NA,"33.545020744265","1.35768431753225"
"5352","21120204","21120204","33.5858121470281","1.39436114248398","OJETENYANG","KATETA","TRUE",NA,"33.5858121470281","1.39436114248398"
"5353","21120303","21120303","33.6820204088726","1.50247319124238","KELIM","KYERE","FALSE","9683.72586402335","33.596432","1.486759"
"5354","21120303","21120303","33.6662020340285","1.56978688285966","KELIM","KYERE","TRUE",NA,"33.6662020340285","1.56978688285966"
"5359","21130203","21130203","33.4723859293585","1.64808223300422","OCHOKICAN","ASURET","TRUE",NA,"33.4723859293585","1.64808223300422"
"5361","21130304","21130304","33.7733327519772","1.71556220020152","GWERI","GWERI","FALSE","4452.38608261194","33.7333336","1.7166667"
"5362","21130303","21130303","33.736577548136","1.67926583763878","DOKOLO","GWERI","TRUE",NA,"33.736577548136","1.67926583763878"
"5373","21130602","21130602","33.6688541848538","1.72992244394702","OPUYO","SOROTI","FALSE","7196.3412863587","33.6063855","1.7131812"
"5374","21310202","21310202","33.1235918825033","1.77286008093569","KABERAMAIDO","KABERAMAIDO","FALSE","3155.01324623983","33.1506163","1.7642785"
"5378","21310301","21310301","33.1881017593057","1.68408128101532","KABALKWERU","KOBULUBULU","TRUE",NA,"33.1881017593057","1.68408128101532"
"5381","21310402","21310402","33.0872968971443","1.64270981246165","KANYALAM","OCHERO","FALSE","5552.17629546639","33.0574467","1.6826765"
"5383","21310403","21310403","33.0062806159329","1.52067596168836","SWAGERE","OCHERO","TRUE",NA,"33.0062806159329","1.52067596168836"
"5384","21320202","21320202","33.3160036150523","1.6650238721326","OBUR","BULULU","TRUE",NA,"33.3160036150523","1.6650238721326"
"5456","30110307","30110307","31.6859329409313","3.46803367395759","OPEJO","CIFORO","TRUE",NA,"31.6859329409313","3.46803367395759"
"5457","30110303","30110303","31.6578738077131","3.42947994176346","LOA","CIFORO","TRUE",NA,"31.6578738077131","3.42947994176346"
"5458","30110306","30110306","31.6306400195128","3.36684895645209","OKANGALI","CIFORO","TRUE",NA,"31.6306400195128","3.36684895645209"
"5460","30110304","30110304","31.4442956484949","2.98207234742092","MAAJI","CIFORO","TRUE",NA,"31.4442956484949","2.98207234742092"
"5461","30110304","30110304","31.4583364153629","3.03526687343582","MAAJI","CIFORO","TRUE",NA,"31.4583364153629","3.03526687343582"
"5465","30220304","30220304","32.5835337722607","1.76424828573379","ATULE","CHAWENTE","TRUE",NA,"32.5835337722607","1.76424828573379"
"5467","30220302","30220302","32.6620194716855","1.73270909682158","ALIDO","CHAWENTE","TRUE",NA,"32.6620194716855","1.73270909682158"
"5468","30220304","30220304","32.6132348900755","1.67021438750472","ATULE","CHAWENTE","TRUE",NA,"32.6132348900755","1.67021438750472"
"5469","30220503","30220503","32.7725633031279","1.82731844239938","ANWANGI","NAMBIESO","FALSE","5279.08079279649","32.7919793","1.8705889"
"5471","30220507","30220507","32.9527833752698","1.89536853476118","OWINY","NAMBIESO","TRUE",NA,"32.9527833752698","1.89536853476118"
"5476","30230107","30230107","32.5742524506853","1.64733390350981","ALARO","AKOKORO","TRUE",NA,"32.5742524506853","1.64733390350981"
"5477","30230105","30230105","32.3395740654844","1.66444096828349","AYEOLYEC","AKOKORO","FALSE","7532.9528977425","32.3950467","1.7032305"
"5478","30230106","30230106","32.1863032841524","1.67400923189967","KUNGU","AKOKORO","TRUE",NA,"32.1863032841524","1.67400923189967"
"5479","30230107","30230107","32.5035947069994","1.66568773321381","ALARO","AKOKORO","TRUE",NA,"32.5035947069994","1.66568773321381"
"5480","30230102","30230102","32.4847666141321","1.73126446668727","APOI","AKOKORO","FALSE","10459.4938658059","32.3950467","1.7032305"
"5481","30230102","30230102","32.5414790824403","1.65127661042824","APOI","AKOKORO","TRUE",NA,"32.5414790824403","1.65127661042824"
"5482","30230107","30230107","32.5376088628777","1.75567775493733","ALARO","AKOKORO","TRUE",NA,"32.5376088628777","1.75567775493733"
"5484","30230503","30230503","32.3453731665196","1.98695979224876","ALWOROCENG","IBUJE","FALSE","10424.5927609482","32.380176","1.9000134"
"5485","30230504","30230504","32.3441427386371","1.92169262888682","AMII","IBUJE","FALSE","7264.04356720211","32.4084994","1.9326922"
"5486","30230502","30230502","32.342277014384","1.89017176940987","AKETO","IBUJE","FALSE","4356.59039640635","32.380176","1.9000134"
"5488","30230501","30230501","32.15762365323","1.7600266211316","AGANGA","IBUJE","TRUE",NA,"32.15762365323","1.7600266211316"
"5490","30340203","30340203","31.3714793278361","2.90378658687488","OLALI","OGOKO","FALSE","7190.65270322522","31.3069787","2.908566"
"5491","30340203","30340203","31.3679959208133","2.87295948220452","OLALI","OGOKO","FALSE","7856.86622938545","31.3069787","2.908566"
"5495","30340402","30340402","31.400122031764","2.94134465936508","AWUVU","RHINO CAMP","FALSE","1152.73693712049","31.3907894","2.9368323"
"5498","30340504","30340504","31.4346786200962","3.04062960032013","ODOI","RIGBO","FALSE","1666.78509653549","31.4213323","3.0474537"
"5499","30340504","30340504","31.4440843580302","3.02740073530389","ODOI","RIGBO","FALSE","3373.4105370324","31.4213323","3.0474537"
"5502","30340506","30340506","31.4244476482377","3.008750408193","LUBA","RIGBO","FALSE","4322.32684036526","31.4213323","3.0474537"
"5503","30340506","30340506","31.4191038809053","2.99970160314408","LUBA","RIGBO","FALSE","5321.50805791115","31.4213323","3.0474537"
"5524","30810302","30810302","34.3518307277451","2.55508170536061","LOPEEI","LOPEI","FALSE","2673.97532291058","34.3726668","2.5430937"
"5528","30810605","30810605","34.473981269698","2.49868044371497","NAWAIKOROT","NGOLERIET","TRUE",NA,"34.473981269698","2.49868044371497"
"5532","30820305","30820305","34.7082620878788","2.69578077595074","RUPA","RUPA","TRUE",NA,"34.7082620878788","2.69578077595074"
"5538","30910201","30910201","31.5859522061115","3.30930535515808","GOPELE","GIMARA","FALSE","10857.8759737601","31.55","3.4"
"5541","30910302","30910302","31.7574125846554","3.53438809429382","PALORINYA","ITULA","FALSE","8751.1703146199","31.6854301","3.5024811"
"5542","30910302","30910302","31.7212604521223","3.4962116212002","PALORINYA","ITULA","FALSE","4041.89038050819","31.6854301","3.5024811"
"5549","30920501","30920501","31.7203852492044","3.60182920966493","ALURU","MOYO","FALSE","5731.46668537763","31.7280955","3.6527376"
"5554","31010302","31010302","31.4814329184624","2.50302002200884","PACEGO","PANYANGO","FALSE","2717.09198639761","31.4584729","2.4946778"
"5556","31010502","31010502","31.4445739953411","2.71110721746226","PAKWINYO","WADELAI","FALSE","1375.80355446747","31.45","2.7"
"5558","31030401","31030401","31.0410084453793","2.40873130413551","JUPANGIRA-PAWONG","NEBBI","FALSE","1153.69413499956","31.0322558","2.4031694"
"5559","31120301","31120301","34.6083944634336","2.13709677552152","ACEGERETOLIM","NABILATUK","FALSE","8126.97984479369","34.5852858","2.0678395"
"5566","30730106","30730106","32.9803839556024","1.75104275115627","OTIRA","APUTI","FALSE","6504.44348351756","32.9375482","1.7112824"
"5567","30730105","30730105","32.9859240542327","1.72933794434403","AWONAGIRO","APUTI","TRUE",NA,"32.9859240542327","1.72933794434403"
"5574","30730208","30730208","32.6809736188987","1.6996062987082","ETAM","AWELO","TRUE",NA,"32.6809736188987","1.6996062987082"
"5578","30730305","30730305","32.9433614828752","1.52098086185677","NAKATITI","MUNTU","FALSE","8444.31314974906","32.8979766","1.5817751"
"5580","30730302","30730302","32.7687153650686","1.56888155361805","ALYECMEDA","MUNTU","TRUE",NA,"32.7687153650686","1.56888155361805"
"5583","30730401","30730401","32.5437550275257","1.61509440561716","ACII","NAMASALE","TRUE",NA,"32.5437550275257","1.61509440561716"
"5588","30730408","30730408","32.7230288078723","1.48271370850271","BANGALADESH","NAMASALE","TRUE",NA,"32.7230288078723","1.48271370850271"
"5591","30730401","30730401","32.5743761474307","1.57169989767832","ACII","NAMASALE","FALSE","8338.83008668742","32.6159899","1.509403"
"5617","30240104","30240104","32.2937228206626","2.22540405154029","KAMDINI","ABER","TRUE",NA,"32.2937228206626","2.22540405154029"
"5618","30240102","30240102","32.3197464988149","2.17987606628066","AKAKA","ABER","TRUE",NA,"32.3197464988149","2.17987606628066"
"5619","30240103","30240103","32.3291718544363","2.12550498280309","ATURA","ABER","FALSE","9622.26663521474","32.3419274","2.2109983"
"6237","31010103","31010103","31.4758683565834","2.43668826217144","PAROKETO","PAKWACH","FALSE","4041.62135228456","31.4536776","2.4079374"
"6241","30820102","30820102","34.7371094660273","2.58396522072047","LIA","KATIKEKILE","TRUE",NA,"34.7371094660273","2.58396522072047"
"6244","30820202","30820202","34.7276539551459","2.33110052817624","LOPUTUK","NADUNGET","TRUE",NA,"34.7276539551459","2.33110052817624"
"6252","31110105","31110105","34.6872644202926","1.82842172002592","TOKORA","KAKOMONGOLE","FALSE","9181.77826363102","34.6552328","1.9044364"
