"","geo_long","geo_lat","key"
"1",30.7960486,3.0517797,"1"
"2",30.8369736,2.6486159,"2"
"3",30.86970925302,2.45487938054871,"3"
"4",30.8833332,3.05,"4"
"5",30.8999996,3.1166666,"5"
"6",30.9010667,2.9806633,"6"
"7",30.9051516,3.1647065,"7"
"8",30.9159131,2.9584662,"8"
"9",30.9216522,3.297784,"9"
"10",30.9235876103568,3.08626689629978,"10"
"11",30.9331295,3.0143197,"11"
"12",30.9363891965028,3.24620158671209,"12"
"13",30.9510791886599,3.46295484279167,"13"
"14",30.9535253,3.0008694,"14"
"15",30.9553638,2.4592448,"15"
"16",30.9553638,3.0890826,"16"
"17",30.9559763,3.4201498,"17"
"18",30.956188745363,3.48534072671672,"18"
"19",30.9589496,3.4167992,"19"
"20",30.9666672,3.1166666,"20"
"21",30.9824471011675,3.00753825355925,"21"
"22",30.9847642,2.4183904,"22"
"23",30.9926951302076,3.07307507256833,"23"
"24",31.0002682,2.6166444,"24"
"25",31.0148764708713,3.39749159247926,"25"
"26",31.0168455,3.2553677,"26"
"27",31.0306432,2.9202935,"27"
"28",31.0322558,2.4031694,"28"
"29",31.0333328,2.5833333,"29"
"30",31.0335794,2.6165023,"30"
"31",31.0344534310322,3.28411244647632,"31"
"32",31.0370935,3.4408251,"32"
"33",31.0378102,2.7743293,"33"
"34",31.045156,3.4869543,"34"
"35",31.0652201,2.7596628,"35"
"36",31.0662579938478,3.33258404649166,"36"
"37",31.1123219,3.2748546,"37"
"38",31.1151176405419,3.40782193032469,"38"
"39",31.1382057114852,3.60660793308357,"39"
"40",31.1406136913443,3.55201954616156,"40"
"41",31.1702512287745,3.40736384684681,"41"
"42",31.1789133,2.8936132,"42"
"43",31.1799633,3.43655,"43"
"44",31.2025336,2.3021193,"44"
"45",31.2068277,2.4415498,"45"
"46",31.2124593680428,3.49588384632698,"46"
"47",31.2324151942943,2.24410311108675,"47"
"48",31.2439699340649,3.43037170776535,"48"
"49",31.2445731,2.5544659,"49"
"50",31.2483291,3.4698023,"50"
"51",31.2651402,3.3760853,"51"
"52",31.3069787,2.908566,"52"
"53",31.3145814658821,3.47385695451849,"53"
"54",31.3702862308265,3.49028549013459,"54"
"55",31.3907894,2.9368323,"55"
"56",31.4213323,3.0474537,"56"
"57",31.4442956484949,2.98207234742092,"57"
"58",31.45,2.7,"58"
"59",31.4536776,2.4079374,"59"
"60",31.4583364153629,3.03526687343582,"60"
"61",31.4584729,2.4946778,"61"
"62",31.4612654131433,3.57416017101342,"62"
"63",31.4805892431684,3.30782762405317,"63"
"64",31.55,3.4,"64"
"65",31.5564685139096,3.61666742522246,"65"
"66",31.5603019264803,3.07852999045986,"66"
"67",31.5949202,3.5911841,"67"
"68",31.6306400195128,3.36684895645209,"68"
"69",31.6578738077131,3.42947994176346,"69"
"70",31.6635173577601,3.34832356118929,"70"
"71",31.6739371,3.5696464,"71"
"72",31.6798124699267,3.40344607017581,"72"
"73",31.6854301,3.5024811,"73"
"74",31.6859329409313,3.46803367395759,"74"
"75",31.6923128217182,3.4338490627095,"75"
"76",31.7280955,3.6527376,"76"
"77",31.7539184,3.3342404,"77"
"78",31.7822278,3.3783808,"78"
"79",31.7832755,3.3761909,"79"
"80",31.8041664,3.3777761,"80"
"81",31.8051792457082,3.19434791455576,"81"
"82",31.8076188805836,3.30064603713871,"82"
"83",31.8477213,3.3608084,"83"
"84",31.865156,3.3588194,"84"
"85",31.9398952,3.4499308,"85"
"86",31.9662798844961,3.33315195094992,"86"
"87",32.15762365323,1.7600266211316,"87"
"88",32.1863032841524,1.67400923189967,"88"
"89",32.1910536007296,1.70137854034919,"89"
"90",32.1916244281061,1.75143039240102,"90"
"91",32.291746445404,2.2643003267772,"91"
"92",32.2937228206626,2.22540405154029,"92"
"93",32.3197464988149,2.17987606628066,"93"
"94",32.3309886238414,2.28997938271568,"94"
"95",32.3419274,2.2109983,"95"
"96",32.3639848347562,2.19575860689458,"96"
"97",32.380176,1.9000134,"97"
"98",32.380176,2.4445177,"98"
"99",32.3868149,2.4430112,"99"
"100",32.3950467,1.7032305,"100"
"101",32.4070834,2.5271616,"101"
"102",32.4084994,1.9326922,"102"
"103",32.4553797910176,1.84588558861207,"103"
"104",32.4569247386807,2.36619687976303,"104"
"105",32.4742655734902,2.40617230607236,"105"
"106",32.4833336,1.9666667,"106"
"107",32.500599,2.395382,"107"
"108",32.5035947069994,1.66568773321381,"108"
"109",32.5060351959595,2.20439173835679,"109"
"110",32.5071304071792,2.586339882507,"110"
"111",32.5104002,2.0908704,"111"
"112",32.5210623796733,1.97987302450018,"112"
"113",32.5376088628777,1.75567775493733,"113"
"114",32.5403740065863,1.91206503743665,"114"
"115",32.5414790824403,1.65127661042824,"115"
"116",32.5437550275257,1.61509440561716,"116"
"117",32.544520609602,1.97458733295236,"117"
"118",32.5467767040488,2.26879232484248,"118"
"119",32.5742524506853,1.64733390350981,"119"
"120",32.5777338527134,2.53180932065095,"120"
"121",32.5835337722607,1.76424828573379,"121"
"122",32.5879022022427,2.18668317275856,"122"
"123",32.6132348900755,1.67021438750472,"123"
"124",32.6159899,1.509403,"124"
"125",32.6180419120574,1.8223546581235,"125"
"126",32.6333351,1.9833333,"126"
"127",32.6568513512295,2.22647786726198,"127"
"128",32.6595713444726,1.89620740776417,"128"
"129",32.6620194716855,1.73270909682158,"129"
"130",32.6745404,2.4190606,"130"
"131",32.6800131,2.0744235,"131"
"132",32.6809736188987,1.6996062987082,"132"
"133",32.6828376,2.3565111,"133"
"134",32.7025261440413,2.25127843215381,"134"
"135",32.703351452009,1.64895503598038,"135"
"136",32.720961,2.0183543,"136"
"137",32.7230288078723,1.48271370850271,"137"
"138",32.7377585859592,2.16477082733828,"138"
"139",32.7487677238711,1.60266761290983,"139"
"140",32.7494559,2.1881437,"140"
"141",32.75,2.5,"141"
"142",32.7521799329903,2.0601011489681,"142"
"143",32.7687153650686,1.56888155361805,"143"
"144",32.7767703007049,1.99358998826643,"144"
"145",32.783333,2.416667,"145"
"146",32.7919793,1.8705889,"146"
"147",32.7995269227585,2.22864049476119,"147"
"148",32.80999,2.1391233,"148"
"149",32.8155213611821,1.99552968582228,"149"
"150",32.8284101338526,2.63048671416482,"150"
"151",32.8287495227638,2.17810197400742,"151"
"152",32.8477368221935,2.54203443041209,"152"
"153",32.853142410285,2.05128663722069,"153"
"154",32.8574038,1.9965219,"154"
"155",32.8755908,2.2170219,"155"
"156",32.8796331726534,2.11664706791054,"156"
"157",32.88735,2.2580807,"157"
"158",32.8873727753099,2.27178873600002,"158"
"159",32.8874067,2.2580829,"159"
"160",32.8899086896703,2.36318192788893,"160"
"161",32.8909288377155,2.239866,"161"
"162",32.8922888376014,2.25553015080141,"162"
"163",32.8926438253934,2.23275595,"163"
"164",32.8977893327803,2.2278218,"164"
"165",32.8979766,1.5817751,"165"
"166",32.9002885,2.0299137,"166"
"167",32.9027011,2.2700934,"167"
"168",32.9044103901143,2.26089307377266,"168"
"169",32.9057271,2.2419639,"169"
"170",32.9100108427826,2.22925455,"170"
"171",32.9114648,2.2500567,"171"
"172",32.9163774,2.2553588,"172"
"173",32.9183802,2.2239943,"173"
"174",32.9184435798627,2.25408153208596,"174"
"175",32.9309330501696,1.94552027403632,"175"
"176",32.9375482,1.7112824,"176"
"177",32.9437667,2.2316169,"177"
"178",32.9513025,1.9656199,"178"
"179",32.9527833752698,1.89536853476118,"179"
"180",32.973568118551,1.6887031731759,"180"
"181",32.9855027066468,2.20432752762291,"181"
"182",32.9859240542327,1.72933794434403,"182"
"183",33.0036144,1.9824256,"183"
"184",33.0062806159329,1.52067596168836,"184"
"185",33.0148759,1.6801527,"185"
"186",33.016074,2.093887,"186"
"187",33.0225859,2.240933,"187"
"188",33.0409131,2.3992942,"188"
"189",33.0503828,2.2411531,"189"
"190",33.0574467,1.6826765,"190"
"191",33.1374827347328,1.72988508117374,"191"
"192",33.1503480846534,2.14455887802686,"192"
"193",33.1506163,1.7642785,"193"
"194",33.169591,1.8435914,"194"
"195",33.171699,1.9130964,"195"
"196",33.1773203,2.2735715,"196"
"197",33.1881017593057,1.68408128101532,"197"
"198",33.2001135194696,2.3843209507807,"198"
"199",33.2236838,2.1445917,"199"
"200",33.2573889,2.4330601,"200"
"201",33.2868885828727,2.57228978987526,"201"
"202",33.288601,1.61599,"202"
"203",33.3009073,1.9185129,"203"
"204",33.3138663107932,1.73362375455555,"204"
"205",33.3160036150523,1.6650238721326,"205"
"206",33.3240624,1.9937678,"206"
"207",33.3401975,1.8148344,"207"
"208",33.3422025675428,2.37476490318202,"208"
"209",33.3990718629053,1.33483781491298,"209"
"210",33.4088670738033,1.30130817430418,"210"
"211",33.4117936247578,1.58874202676526,"211"
"212",33.4221907765404,1.30729118230205,"212"
"213",33.4363237991054,1.55187432799646,"213"
"214",33.4538671150463,1.28968798853544,"214"
"215",33.4723859293585,1.64808223300422,"215"
"216",33.4786975305188,1.32881180180872,"216"
"217",33.5,1.8333333,"217"
"218",33.5,2.4,"218"
"219",33.5042596757966,1.99379458393581,"219"
"220",33.5365611,1.8382277,"220"
"221",33.5427047653352,1.58816120526971,"221"
"222",33.545020744265,1.35768431753225,"222"
"223",33.5550187502386,1.40219535625539,"223"
"224",33.5770012,1.2661788,"224"
"225",33.5858121470281,1.39436114248398,"225"
"226",33.596432,1.486759,"226"
"227",33.596613382703,1.72502783671811,"227"
"228",33.5999985,1.6166667,"228"
"229",33.6,1.616667,"229"
"230",33.6063855,1.7131812,"230"
"231",33.6155467627572,1.7021741434307,"231"
"232",33.6161782,1.7303442,"232"
"233",33.6252842105708,1.70835056923563,"233"
"234",33.6264161979297,1.72385033355395,"234"
"235",33.6277217776763,1.71520906646405,"235"
"236",33.6343619,1.78209,"236"
"237",33.6408515864031,1.21373985660442,"237"
"238",33.6476479,1.1459233,"238"
"239",33.6662020340285,1.56978688285966,"239"
"240",33.6752140977864,1.21574095399149,"240"
"241",33.7084594,1.2803643,"241"
"242",33.7128804451334,3.62767634977226,"242"
"243",33.7333336,1.7166667,"243"
"244",33.736577548136,1.67926583763878,"244"
"245",33.75,1.0833334,"245"
"246",33.75,1.4,"246"
"247",33.753211133706,1.21871222840385,"247"
"248",33.7624005,1.0009194,"248"
"249",33.7666664,1.5,"249"
"250",33.778309,1.4569467,"250"
"251",33.7789696,1.4580205,"251"
"252",33.7824554316898,1.11931919263907,"252"
"253",33.7881990610493,1.25943988169485,"253"
"254",33.7920558698218,1.35172891449584,"254"
"255",33.7936688,1.6463494,"255"
"256",33.7992536,1.0452874,"256"
"257",33.8008104330827,1.28412765952872,"257"
"258",33.8160059,1.169248,"258"
"259",33.8379507451653,1.25235843053995,"259"
"260",33.8397001321599,1.01554757607484,"260"
"261",33.8428366,1.1109121,"261"
"262",33.8462162,1.4714054,"262"
"263",33.847332,1.0330451,"263"
"264",33.8499985,1.4833333,"264"
"265",33.8586593,1.5717088,"265"
"266",33.8670539812044,2.41378352860668,"266"
"267",33.8689399,1.599348,"267"
"268",33.8815901,1.1332863,"268"
"269",33.883333,1.6,"269"
"270",33.8833351,1.0166667,"270"
"271",33.8865517708844,1.15466224719926,"271"
"272",33.9000015,1.3333334,"272"
"273",33.9000015,1.3833333,"273"
"274",33.9000015,1.5166667,"274"
"275",33.9080896,1.2141124,"275"
"276",33.9178507,1.3013649,"276"
"277",33.9181745,1.4718773,"277"
"278",33.9213365,1.1973747,"278"
"279",33.9290049,1.1486726,"279"
"280",33.9331874,1.4856295,"280"
"281",33.933333,3.3166669,"281"
"282",33.9333344,1.4333334,"282"
"283",33.9346623566389,1.37719363098495,"283"
"284",33.9364441086992,3.67276908713651,"284"
"285",33.9648899,1.265814,"285"
"286",33.9947606,1.396313,"286"
"287",33.996583815018,1.32749692670252,"287"
"288",34.0096609590003,1.42751230732701,"288"
"289",34.0362968013245,3.16539896551499,"289"
"290",34.0397109,1.439478,"290"
"291",34.05,1.516667,"291"
"292",34.0557887,1.1699623,"292"
"293",34.0572227,3.6415699,"293"
"294",34.0778451875176,3.3172740532465,"294"
"295",34.0824118,3.5519395,"295"
"296",34.0875292,1.3045609,"296"
"297",34.110033,3.0020048,"297"
"298",34.1114621,3.0062022,"298"
"299",34.1166667,3.5333333,"299"
"300",34.116667,1.133333,"300"
"301",34.1191145,1.2136016,"301"
"302",34.1196363,1.2104663,"302"
"303",34.1337219,3.5124436,"303"
"304",34.1453689691157,3.5148898158547,"304"
"305",34.1629295,1.3196808,"305"
"306",34.1750966,3.0225719,"306"
"307",34.1893473,3.663359,"307"
"308",34.2060218869334,2.83782051539894,"308"
"309",34.3190604855499,3.2246179580319,"309"
"310",34.3726668,2.5430937,"310"
"311",34.3948617,2.4432285,"311"
"312",34.4609785,2.442677,"312"
"313",34.473981269698,2.49868044371497,"313"
"314",34.5072305,2.3862399,"314"
"315",34.5279139,2.3570085,"315"
"316",34.5826008,2.5134925,"316"
"317",34.5852858,2.0678395,"317"
"318",34.5884828,2.3601749,"318"
"319",34.6,2.05,"319"
"320",34.6109691,1.755573,"320"
"321",34.6341617595104,1.99974731402727,"321"
"322",34.6552328,1.9044364,"322"
"323",34.6578804454241,2.53725030677259,"323"
"324",34.6897226438302,2.23331896655036,"324"
"325",34.7082620878788,2.69578077595074,"325"
"326",34.7215859,1.8502515,"326"
"327",34.7276539551459,2.33110052817624,"327"
"328",34.7371094660273,2.58396522072047,"328"
"329",34.7547433,1.8859441,"329"
"330",34.8437845471667,1.63151745173435,"330"
"331",34.9437716,1.9534181,"331"
"332",33.0345877354313,2.2618345561414,"332"
"333",33.3264787764824,1.70976798611926,"333"
"334",33.4709936962696,1.06061288217315,"334"
"335",31.1731101877196,-0.347966816846747,"335"
"336",32.4967600885523,0.299910155825783,"336"
"337",34.3293842994422,1.47217891702661,"337"
"338",33.1126453597192,0.620513254711405,"338"
"339",33.4095756301889,2.0872510420531,"339"
"340",30.4471329938946,0.966085969023407,"340"
"341",31.4786352759716,0.732830200018361,"341"
"342",30.2265915398137,-0.243270367500372,"342"
"343",32.6706344707729,1.17468083277578,"343"
"344",34.41056542048,3.05609123489819,"344"
"345",34.418813390038,3.54548416238977,"345"
"346",32.0137711586338,0.700945344131906,"346"
"347",30.0687394890259,-0.104877202338539,"347"
"348",31.8568113693385,2.30126352112507,"348"
"349",31.430713318605,-0.470215569466818,"349"
"350",31.2656199876917,2.68215911296895,"350"
"351",34.510174720455,2.84193192065461,"351"
"352",32.1900062471582,2.34951215220382,"352"
"353",31.8147889460181,2.65852159526665,"353"
"354",33.588858891679,-0.151593600974884,"354"
"355",32.0841016533645,1.27818514220882,"355"
"356",32.0115727370186,2.04461126670707,"356"
"357",30.0672356113954,-0.359646911788732,"357"
"358",31.4633678180468,2.40593031286728,"358"
"359",32.3952861311822,-0.0640561358747072,"359"
"360",31.6546346200746,1.4592072499264,"360"
"361",33.5948101650341,1.19685768912314,"361"
"362",31.5650209963066,0.516954301102087,"362"
"363",33.9248703987594,1.61940778644057,"363"
"364",33.9230665118177,3.29694654718041,"364"
"365",33.5262668560306,1.11874465011526,"365"
"366",32.2163015588536,1.35278786611743,"366"
"367",32.5491717894073,2.6784020407591,"367"
"368",30.1806343467976,-1.10504778211238,"368"
"369",31.8943491000636,2.64649087802041,"369"
"370",30.9008466077247,0.0575471269176342,"370"
"371",33.8138338944339,3.89592715068255,"371"
"372",31.9777712584706,3.29997844740981,"372"
"373",30.8488108313922,-0.193753169062547,"373"
"374",30.8474357079668,-0.297972572518047,"374"
"375",34.1473824760155,0.803802564791404,"375"
"376",32.6770391944447,-0.310349245094694,"376"
"377",30.0578984892508,-1.15110006496077,"377"
"378",33.0067656164244,3.481891165243,"378"
"379",32.1878974808729,3.52347215573303,"379"
"380",32.1996055959281,-0.369199541681446,"380"
"381",31.5339499227586,2.90259611575864,"381"
"382",30.7403363733692,1.45346950725652,"382"
"383",33.2684806758212,-0.192914792529773,"383"
"384",32.4642571079778,-0.557948983889073,"384"
"385",34.4686564478022,1.25868455997901,"385"
"386",33.164029339836,0.24190782538848,"386"
"387",31.4153396506724,-0.685411157519557,"387"
"388",30.3438216996286,0.736724245881196,"388"
"389",33.4183972972236,3.18752701073885,"389"
"390",31.5995309464191,-0.209608524125069,"390"
"391",32.6094251573319,0.439393301520031,"391"
"392",32.4679077510838,1.6742093195417,"392"
"393",31.0859757378534,1.06905110499822,"393"
"394",34.0450274744653,1.88686650805874,"394"
"395",31.4700941196363,1.92605243057245,"395"
"396",33.3267549333279,0.780136013100855,"396"
"397",32.6408295145654,2.10202714791754,"397"
"398",31.9148620766471,0.791415925181936,"398"
"399",33.9987171347905,3.90292350991163,"399"
"400",30.0851925721206,0.173358460091986,"400"
"401",31.2478956584749,0.340042957279366,"401"
"402",32.974403353252,1.08781748837326,"402"
"403",32.4977031863714,-0.328822311193217,"403"
"404",31.7411399393762,1.11629942907952,"404"
"405",30.9827472499805,-0.1999810237973,"405"
"406",32.9956949924421,2.89646415448515,"406"
"407",30.6007326984429,-0.359577252131421,"407"
"408",32.5620559889101,-0.53723094916204,"408"
"409",29.9920328597864,0.523749030828476,"409"
"410",32.9761130461888,1.92876331469743,"410"
"411",30.5604718763474,-0.033957560842391,"411"
"412",31.7479029675317,2.41847139143385,"412"
"413",33.2746773795364,3.31375788110541,"413"
"414",33.5965662929183,1.50965452484554,"414"
"415",31.3406929606595,3.58110172076616,"415"
"416",31.7715022839303,1.45374479648657,"416"
"417",32.8401115793944,1.40002630162519,"417"
"418",32.8383483266621,2.19303509109886,"418"
"419",32.3221087797219,-0.247852252258453,"419"
"420",32.0061865973286,1.5497122394247,"420"
"421",32.2619270523638,1.68682358708,"421"
"423",32.1259556678217,0.791751421079971,"423"
"424",34.4021069398429,2.31883701245999,"424"
"425",32.3067970070103,2.24704619710334,"425"
"426",31.9099633837701,2.44293779344996,"426"
"427",33.632618836693,-0.153054953583051,"427"
"428",31.3425508179632,2.26786046483088,"428"
"429",33.557428083925,-0.318902321469504,"429"
"430",33.3568738924339,2.32002544584917,"430"
"431",33.9010489948886,1.14403898817021,"431"
"432",33.7458911123103,2.25286807651864,"432"
"433",33.4888276203582,2.12009847549722,"433"
"434",31.5522156849923,-0.409279071995988,"434"
"435",31.9540323296352,1.16637298896676,"435"
"436",31.1248497769609,-0.781158284121193,"436"
"437",32.3909785736399,1.9328409917769,"437"
"438",33.2538838407677,-0.620030798674561,"438"
"439",32.533820128371,1.20104134438559,"439"
"440",34.3733769855369,2.39939445950324,"440"
"441",32.024305461219,1.21021866300609,"441"
"442",32.4769583518873,3.2029682036629,"442"
"443",33.7894550824142,1.99680843038019,"443"
"444",32.0834938168153,-0.193775575947948,"444"
"445",31.2842321136547,0.732568037835881,"445"
"446",33.2246437660768,1.79104472205043,"446"
"447",32.5233949005185,0.281184224968311,"447"
"448",30.7197984802793,-0.367427545825485,"448"
"449",33.2265901275398,3.33589211513056,"449"
"450",32.4534302272042,1.41925667689182,"450"
"451",30.0701791875763,-1.15465909785591,"451"
"452",30.4392349577509,-0.776263064150699,"452"
"453",32.5819807727728,2.10007449823897,"453"
"454",32.035187443723,1.84130372312851,"454"
"455",30.6372199358465,0.54898559580557,"455"
"457",30.8515546979592,-0.13747455903329,"457"
"458",33.0409411937278,1.55016123342095,"458"
"459",33.2576647641719,-0.285474959034473,"459"
"460",34.168889178161,3.62729334051488,"460"
"461",31.7541319423076,0.0501078475220129,"461"
"462",34.356842822805,2.22072974849027,"462"
"463",29.9330202992912,0.0829755139886401,"463"
"464",34.2519898457802,1.41910160079133,"464"
"465",31.4449232019251,0.702057329784148,"465"
"466",31.2948923466448,-0.435043878890574,"466"
"467",32.3333567169774,1.84975586300483,"467"
"468",33.8240534601174,1.80908864164259,"468"
"469",33.005058528143,0.950612413003109,"469"
"470",31.1488514433196,-0.478530780330766,"470"
"471",33.3057281267387,3.12107314239722,"471"
"472",32.4089464784064,-0.890862404510845,"472"
"473",32.1589203060837,1.66854875779711,"473"
"474",34.5835601143143,1.49561639064457,"474"
"475",31.0779683682276,3.62409993999405,"475"
"476",32.8564695100556,2.73619790292112,"476"
"477",31.013807441534,2.93653627986787,"477"
"478",33.4411647463404,1.08786897794576,"478"
"479",31.9958409613045,1.73633579523768,"479"
"480",29.6868038666015,-1.00446531349095,"480"
"481",33.26147975008,3.38226296155481,"481"
"482",31.3276852888707,-0.350902167533059,"482"
"483",31.3828270039614,-0.452438561548479,"483"
"484",33.9945261821151,2.73198351056315,"484"
"485",32.3939553502668,1.88103189659771,"485"
"486",34.384598445869,2.55391344641801,"486"
"487",33.3321144614392,3.71643995113904,"487"
"488",32.9838703807723,1.08821148512652,"488"
"489",34.2942526762909,2.73267767354613,"489"
"490",33.0574539937964,2.63067594706779,"490"
"491",33.2608248713147,3.01810938487062,"491"
"492",32.0331331917015,0.143233813585248,"492"
"493",31.686714771206,2.82753787626512,"493"
"494",31.2328989170585,0.0734955522604286,"494"
"495",29.9506766487169,0.497215839833953,"495"
"496",32.9436261886032,-0.91226034833584,"496"
"497",30.5842381507647,-0.6598632039316,"497"
"498",33.2930609624949,3.685051255445,"498"
"499",31.499094827415,-0.823818421000615,"499"
"500",32.2313104997738,0.834462338692975,"500"
"501",31.6527631678688,3.53578521001618,"501"
"502",33.14228258166,-0.954199376883917,"502"
"503",31.326208587843,3.26284282795852,"503"
"504",33.7735759872291,3.92974212896777,"504"
"505",31.289876124796,3.4024781508185,"505"
"506",31.4424415949872,1.54078619067557,"506"
"507",34.0739239339787,2.17050735948374,"507"
"508",33.6323651448358,0.484516296538059,"508"
"509",32.5545961197093,1.56521202924894,"509"
"510",31.1745489133196,0.413787078396417,"510"
"511",32.553738718091,0.451322997044772,"511"
"512",34.8710245295567,2.40912670025136,"512"
"513",32.5482722974545,0.144959138350096,"513"
"514",33.650563322003,1.8594057526323,"514"
"515",34.305196996266,1.27633299750276,"515"
"516",34.5842054404761,2.25706014450872,"516"
"517",29.7227514267876,-0.713746252232231,"517"
"518",32.2516766809858,2.79345849564997,"518"
"519",32.4178320802934,-0.639217132588383,"519"
"520",30.3381578255142,-0.920797390611842,"520"
"521",32.5144425518601,-0.000310378528665778,"521"
"522",34.560592464488,1.20600657978561,"522"
"523",32.779585057965,1.05976413007826,"523"
"524",33.0821866270714,0.534257252698299,"524"
"525",33.11896852982,-0.442499277608003,"525"
"526",32.9930302081257,3.21664275084157,"526"
"527",32.7138136594696,0.0927249359642155,"527"
"528",33.842733596235,0.844388357605785,"528"
"529",34.146893058219,3.56613540392835,"529"
"530",31.7055258344952,1.79686667586677,"530"
"531",32.4502895064605,0.25968916750513,"531"
"532",29.8392255500425,-1.13904211287852,"532"
"533",33.7606836318411,2.47540698016295,"533"
"534",32.612655273336,3.28630043314304,"534"
"535",33.5763765048352,1.50862478074152,"535"
"536",31.2894746382139,1.61865586931817,"536"
"537",30.8522477052896,0.531845184762497,"537"
"538",33.4151744526043,0.251047329346184,"538"
"539",31.5471101840562,1.83442008552142,"539"
"540",32.7755326853692,0.170085860348772,"540"
"541",32.6858699137461,0.033038405594416,"541"
"542",31.4097765303869,-0.0194617588375694,"542"
"543",31.5847630331595,2.05982004568679,"543"
"544",31.5233419716591,3.09477636541706,"544"
"545",30.8477320842259,0.60295226816088,"545"
"546",32.4150760274241,-0.267776156070177,"546"
"547",31.7390622612974,-0.323081353046,"547"
"548",30.6622841828177,0.864452744093724,"548"
"549",32.8759107837919,0.137859147952404,"549"
"550",32.3831338121393,1.27301456672372,"550"
"551",32.3421531255869,1.47992409423692,"551"
"552",29.8654718921031,-0.586986406759825,"552"
"553",30.7386041111522,0.41155765011441,"553"
"554",32.7536037161644,1.41079896776006,"554"
"555",34.2035942464066,3.1278983413754,"555"
"556",31.9810156109696,-0.865373870292679,"556"
"557",32.7198609988019,0.989432101170532,"557"
"558",33.5686940557463,1.62689130333718,"558"
"559",30.7907468130137,0.384736248459667,"559"
"560",30.6964128565206,0.381224849810824,"560"
"561",32.7028774372931,1.51020332715008,"561"
"562",30.19603014044,-0.420522792709526,"562"
"563",31.4187393491529,2.90390521680005,"563"
"564",29.9968014941504,0.549249542260077,"564"
"565",30.1559372677957,0.585886444828939,"565"
"566",30.6534295239206,1.07101561284857,"566"
"567",32.6706749505247,-0.797892005594913,"567"
"568",32.4219104202348,0.645948034860194,"568"
"569",33.0402804614184,1.1409338962636,"569"
"570",30.795720856078,-0.817302167573944,"570"
"571",34.7216108957701,1.83528855118435,"571"
"572",32.2590931344219,2.07112827885896,"572"
"573",33.4836104096705,2.06160044750664,"573"
"574",32.4863558061956,1.59798018771689,"574"
"575",34.580961272798,2.11073546407511,"575"
"576",30.9378755659377,1.34831594473217,"576"
"577",32.3140036648884,0.893061507446691,"577"
"578",31.6335238612024,3.01738516792888,"578"
"579",30.6176315380214,0.500230692757759,"579"
"580",30.9574809144856,2.53334025291493,"580"
"581",34.2062458173442,1.25912093961844,"581"
"582",31.8127775434172,1.10209659669548,"582"
"583",33.8297157183685,3.53987667969428,"583"
"584",34.0232587489975,1.12519608806819,"584"
"585",31.3143036001758,-0.164671339597553,"585"
"586",29.8421118964115,-0.744957976278383,"586"
"587",33.0085252070613,0.107216229266487,"587"
"588",31.7068209449644,2.00258259303169,"588"
"589",33.0208770614583,3.60673033048399,"589"
"590",31.941937125551,0.694985829570796,"590"
"591",32.8518118686019,3.0124407066498,"591"
"592",31.532037664724,-0.153650824686047,"592"
"593",33.2337207659148,3.31731293016346,"593"
"594",33.018558621069,-0.0172173935337923,"594"
"595",32.5467424023128,-0.0477844745712355,"595"
"596",31.9199210726679,-0.255014546080492,"596"
"597",30.0968357754126,-1.27930165904574,"597"
"598",30.5906387423677,1.21629300947301,"598"
"599",33.6498828732572,0.501655536103062,"599"
"600",29.66415935511,-1.23770598855568,"600"
"601",33.0665907290904,-0.163384289669339,"601"
"602",32.1911929931352,2.95601008313708,"602"
"603",29.8104406748665,-0.723297959552146,"603"
"604",31.9393288502446,-0.658990279617719,"604"
"605",33.3422529039206,-0.304122831034474,"605"
"606",34.7855625285627,2.1587878171145,"606"
"607",32.752919339973,2.24799656748073,"607"
"608",31.5580647523538,0.674924692378845,"608"
"609",32.3583733778307,0.0915482322359458,"609"
"610",31.2810084743053,3.47968958188547,"610"
"611",30.9660991200409,-0.920243786058854,"611"
"612",31.3532156147109,-0.741684932834469,"612"
"613",33.9168458064599,1.80928068152862,"613"
"614",34.0779300247645,3.22609599042451,"614"
"615",31.4829950163933,3.54135477388743,"615"
"616",31.1783433986222,-0.462864333547186,"616"
"617",33.3326403457322,2.67846733645769,"617"
"618",32.8952692748979,3.72029585226905,"618"
"619",30.4018573889136,-0.725031345330644,"619"
"620",33.1301046635932,0.793769305583555,"620"
"621",32.5982984718704,3.01378490874544,"621"
"622",31.817171269774,1.18073544132523,"622"
"623",31.0906815053662,-0.43667643368477,"623"
"624",32.6674965170631,-0.698517893606331,"624"
"625",33.5764826158318,0.169103060590569,"625"
"626",33.6693918693555,0.442741182933096,"626"
"627",33.0548935844796,3.81744457798079,"627"
"628",32.0901667513512,-0.574613738311455,"628"
"629",33.5439752734825,0.673963984316215,"629"
"630",33.3589295741776,1.44432837053435,"630"
"631",33.0776049813582,3.24927260320168,"631"
"632",33.4123221911816,-0.326888739292044,"632"
"633",32.2306568447873,-0.873054796124343,"633"
"634",34.2715023574373,3.22832405649126,"634"
"635",32.5886716917087,3.37297602721723,"635"
"636",31.9152451511007,0.75721761248773,"636"
"637",32.7216430649883,1.8214336653729,"637"
"638",32.0163589412556,2.49310178711545,"638"
"639",33.220573065842,3.19231584129157,"639"
"640",34.2848698281194,2.27936108419206,"640"
"641",33.4721426503197,3.11758547767764,"641"
"642",33.835351947227,-0.528894056484569,"642"
"643",32.852800384853,-0.250052619497292,"643"
"644",33.5869862843421,3.20256256923545,"644"
"645",33.8516062976187,2.20761618103599,"645"
"646",33.9886794157745,1.04264101118781,"646"
"647",31.1011883659987,2.67105404737173,"647"
"648",32.9895332832565,1.89408370443154,"648"
"650",31.5023130845139,1.7189886359009,"650"
"651",30.885657372633,-0.422772512182128,"651"
"652",31.7014947783574,1.69692122617736,"652"
"653",33.4617838814459,0.209754131517839,"653"
"654",33.8589765722165,3.31303208415629,"654"
"655",31.1337809451367,-0.142131511727348,"655"
"656",31.8235595536209,0.345414633343462,"656"
"657",31.3125869460893,3.22246787143638,"657"
"658",33.019096116079,3.11852754084161,"658"
"659",32.1269594410434,-0.191598171573132,"659"
"660",31.4474666050728,3.33380801235558,"660"
"661",33.1177065762319,-0.111002491868567,"661"
"662",33.4829770585871,2.42143964766758,"662"
"663",33.5976213935623,-0.60781103111105,"663"
"664",30.5677114495193,1.21793271894101,"664"
"665",30.8790342486673,-0.940813960232772,"665"
"666",30.0670987712732,-0.68737697347533,"666"
"667",30.8624010865856,-0.711725710935425,"667"
"668",32.8196001500264,-0.798586581165437,"668"
"669",32.6064705777029,1.78648571493337,"669"
"670",31.5632424047543,2.47106307184091,"670"
"671",34.1282981998147,1.37820897947298,"671"
"672",31.8221386553231,-0.583953846390359,"672"
"673",33.6426273803995,2.41280631422298,"673"
"674",31.8254622049257,0.269536915179342,"674"
"675",32.7869669366791,0.719044320487883,"675"
"676",31.4878700640681,-0.499688809234649,"676"
"677",34.5409308947227,2.19696824620245,"677"
"678",30.2151917760959,0.269125151459593,"678"
"679",33.0113701112894,2.61303392697126,"679"
"680",34.3933523773402,2.1381396720116,"680"
"681",30.7724075157987,-0.169995201500133,"681"
"682",31.2348260795837,-0.542272928550374,"682"
"683",29.8610928576929,-0.710499481821898,"683"
"684",32.3443814023887,3.20852003438631,"684"
"685",31.2419523720257,2.31278243908193,"685"
"686",33.5157306629908,2.13226691311225,"686"
"687",31.6993536367197,3.67156682048924,"687"
"688",34.1248447461566,2.47950451555429,"688"
"689",33.9771265767328,1.00393969912082,"689"
"690",30.7818963086279,0.284546947358176,"690"
"691",30.0154474925157,0.407950133448467,"691"
"692",33.4702486552368,2.42654632889899,"692"
"693",32.4218208322325,0.039263419562485,"693"
"694",31.5167330907891,1.04288870845688,"694"
"695",32.7378725133953,2.2323840912059,"695"
"696",32.9671504478878,2.61159443609184,"696"
"697",31.7186452926043,3.28922337779542,"697"
"698",34.0177967851865,3.55206209156662,"698"
"699",32.0017896471661,3.48644297304563,"699"
"700",32.4559762772522,1.32985586364288,"700"
"701",31.9145634284103,3.57093151225476,"701"
"702",29.8457532219007,-1.16839627988171,"702"
"703",31.6580091736629,2.19620742260013,"703"
"704",31.6006265796209,0.461006652566139,"704"
"705",33.3042764042644,-0.198615126360673,"705"
"706",33.0749732997967,1.6441161338496,"706"
"707",33.297391156645,2.77595759402029,"707"
"708",31.0840582810692,-0.494189551633317,"708"
"709",31.0438625357556,3.49935840784572,"709"
"710",34.4372565513547,3.61518144092057,"710"
"711",32.4184730011155,3.05680973378243,"711"
"712",34.0496903621941,1.90180663979147,"712"
"713",32.5825893750088,2.85606373657705,"713"
"714",32.3974105201196,1.26853247945197,"714"
"715",33.93854420227,2.10504377429141,"715"
"716",32.4504460366163,3.56639335907064,"716"
"717",33.9043012128398,2.06915709791239,"717"
"719",34.275657662109,0.789913610070944,"719"
"720",31.2976801187522,-0.411420165961608,"720"
"721",31.4572934407275,1.95333147432888,"721"
"722",32.3990471018432,2.49516207885463,"722"
"723",32.6719256841601,-0.258914020513184,"723"
"724",30.8008693806943,0.972950001282152,"724"
"725",32.5320473415172,3.68937392700696,"725"
"726",31.8870660952851,-0.687113978001289,"726"
"727",33.489720289777,0.405170946470462,"727"
"728",33.6287546791672,3.77019314664183,"728"
"729",31.6644522925699,-0.0618307685363106,"729"
"730",30.2180111486278,-1.06728138800478,"730"
"731",33.9819632661366,3.37055333616678,"731"
"732",32.4012057143427,0.556500228566583,"732"
"733",34.2672762795375,2.22572406522464,"733"
"734",30.3455231046653,-0.457163312521297,"734"
"735",30.3372624656302,0.934473713107873,"735"
"736",30.1166929530865,-0.176055403654463,"736"
"737",32.3711007171404,-0.598367310801987,"737"
"738",33.1099590886454,1.73155929361237,"738"
"739",32.2576038457663,0.953501208934467,"739"
"740",31.9473317590845,1.83343006480485,"740"
"741",32.1236277434765,1.16853537515504,"741"
"742",34.1639008048712,1.43963212327333,"742"
"743",30.6613433252927,1.12852217133157,"743"
"744",31.5257356909476,2.67931045301259,"744"
"745",34.7455736797582,2.56624035282061,"745"
"746",31.9740044342657,0.933144564370159,"746"
"747",31.9414749398036,0.614801964990329,"747"
"748",32.9004744233773,3.15229137450457,"748"
"749",34.8475216197339,2.25262497452786,"749"
"750",32.7430763404048,-0.754633045920637,"750"
"751",31.3399224843015,-0.0931113919964992,"751"
"752",31.2077744105319,0.725158283475321,"752"
"753",30.867432309296,0.949532711987849,"753"
"754",33.1538446023432,1.95411857637577,"754"
"755",33.5683801492187,3.79955684103537,"755"
"756",33.0573253914085,2.29194459704915,"756"
"757",34.6900517932232,2.46759786676383,"757"
"758",30.9903520425805,0.135727003754582,"758"
"759",31.9656993365474,2.47445970351575,"759"
"760",30.9259265737189,0.331345720111858,"760"
"761",33.548156688076,3.10341782345437,"761"
"762",31.1459364034957,0.452798199066892,"762"
"763",31.2283903310727,-0.481531172399409,"763"
"764",31.7485995801911,-0.310617226790637,"764"
"765",30.7383567903377,0.504340818156488,"765"
"766",33.7884815709852,-0.0146733936294914,"766"
"767",33.1551088028261,1.34495545031503,"767"
"768",31.4247068643104,1.24863944259938,"768"
"769",32.5229251542734,0.944278057925403,"769"
"770",32.8795038023614,-0.857344662407413,"770"
"771",34.2992400079826,3.47884234892437,"771"
"772",32.850260443138,3.67673802094301,"772"
"773",31.0171555789257,3.57185697181383,"773"
"774",30.6800070717512,-0.410661321426742,"774"
"775",33.0482003698032,2.02818885267945,"775"
"776",32.63455276225,0.209466451134067,"776"
"777",32.7451720820926,0.2897413731087,"777"
"778",31.1047174101113,3.30111251258291,"778"
"779",32.9146165750944,2.04026388047496,"779"
"780",33.4958804266644,-0.00858235157094889,"780"
"781",32.2045554393274,1.85832181075821,"781"
"782",33.1346053564036,-0.285173954102211,"782"
"783",32.5651941908081,3.6695149685326,"783"
"784",31.0959605465876,-0.756080753379501,"784"
"785",32.0788637004839,0.494393375804648,"785"
"786",33.8255585456849,1.46592062415322,"786"
"787",32.4417491488159,-0.759893146138638,"787"
"788",31.8680060755159,-0.436763891421724,"788"
"789",31.0971684228815,-0.308933489497285,"789"
"790",31.6967973330687,0.351190327303484,"790"
"791",32.2626316255261,1.89844020817196,"791"
"792",30.7956187781389,-0.188928333821241,"792"
"793",32.8610337759973,3.7979033930786,"793"
"795",32.819621745036,0.360455892311875,"795"
"796",33.893083009317,3.1039401579299,"796"
"798",33.5658669128129,1.43878050335683,"798"
"799",33.3515266258735,0.310411784411408,"799"
"800",30.8039024577476,0.266375075576361,"800"
"801",32.9124662082503,1.89079189569457,"801"
"802",31.6703257153742,-0.224190324253868,"802"
"803",31.0439092571754,2.78557781927986,"803"
"804",31.7985364332749,-0.152566077928059,"804"
"805",31.8417453451431,3.03859328496037,"805"
"806",29.8004229429178,-0.659497441693675,"806"
"807",33.8656177267875,1.10810877095442,"807"
"808",31.062913767288,1.69766474545235,"808"
"809",31.9893222189392,3.06310634318739,"809"
"810",30.161139787857,0.93864480271237,"810"
"811",32.8580310293846,0.866995040890761,"811"
"812",32.9160074333847,-0.243112200375181,"812"
"813",34.3105525362049,3.46680922514293,"813"
"814",31.0619194740616,0.652141009038314,"814"
"815",34.2311543354904,0.718605842739344,"815"
"816",34.2914242884563,1.83272426820593,"816"
"817",31.2298814402148,1.99916132244049,"817"
"818",31.705225815943,3.54707533127163,"818"
"819",33.7838849521335,2.33273382122396,"819"
"820",30.6856247142213,0.306391262204852,"820"
"821",31.5717176460125,2.29693161842413,"821"
"822",29.7045678240736,-1.32858130445704,"822"
"823",32.2086391258752,2.02018733550562,"823"
"824",34.4272700396273,1.66046146029141,"824"
"825",30.3675417384412,-0.31301848358009,"825"
"826",32.9787123788008,1.50672615297604,"826"
"827",33.4232988627464,3.22555322948378,"827"
"828",31.8379076777422,3.554889482297,"828"
"829",31.9656443879544,0.382221313656773,"829"
"830",33.3750732841389,1.87336970765144,"830"
"831",31.0865744495275,0.597245437090751,"831"
"832",33.4817849699641,-0.197837676156778,"832"
"833",32.2405072200322,1.46759205145761,"833"
"834",30.1692786483583,-1.06401947766077,"834"
"835",33.4605068609887,1.37509061983321,"835"
"836",32.4682226318819,-0.811900712158531,"836"
"837",33.3467281218013,2.17359089944046,"837"
"838",31.8568468100787,0.171343226970639,"838"
"839",31.914903641562,3.56632497099461,"839"
"840",30.6571279379656,-1.000753278255,"840"
"841",30.496362426253,-0.774092328813858,"841"
"842",32.4053807460121,-0.126475821980275,"842"
"844",33.7143581566494,0.65050290663261,"844"
"845",30.8629447084106,0.565839113763068,"845"
"846",30.4160594952316,-0.609828402923886,"846"
"847",31.9717896335525,2.74573382640025,"847"
"848",32.8592845260934,2.16841297583887,"848"
"849",30.9890915187146,2.4469741725456,"849"
"850",33.5987139653368,-0.0266561790253035,"850"
"851",33.1699613799294,3.18875881181331,"851"
"852",30.7774860803992,0.282352143963799,"852"
"853",31.8391046667611,2.52414281084435,"853"
"854",30.3886966893263,0.208121975783724,"854"
"855",34.9175261747721,1.58148537336849,"855"
"856",33.956499716111,2.59273602675647,"856"
"857",33.6605206637015,0.643240705751814,"857"
"858",33.5587991558108,0.852382372450083,"858"
"859",30.136518964665,-0.890197523068637,"859"
"860",32.688221241706,1.46004931133939,"860"
"861",33.2946614552848,0.0462327820388599,"861"
"862",30.0862275048369,-0.742976341310423,"862"
"863",31.9000845236541,-0.650700877795462,"863"
"864",34.5590665905224,2.20310377466725,"864"
"865",31.222024440926,1.12587817914551,"865"
"866",30.9217723660916,3.14250644565094,"866"
"867",33.7868556639925,-0.271823079821188,"867"
"868",30.9152100904682,-0.0699756023893132,"868"
"869",30.0616398424865,-0.177733803011943,"869"
"870",32.4882978718914,1.10349277399946,"870"
"871",32.0043927474855,3.13681045413483,"871"
"872",31.136785468671,2.9298591646459,"872"
"873",33.2017457224661,0.759752956170123,"873"
"874",34.0609237870434,2.50603841268225,"874"
"875",32.2160260000359,3.02827461257111,"875"
"876",33.0838913734071,1.41965383095434,"876"
"877",31.7851544660283,-0.816722537539899,"877"
"878",33.177994903042,0.698820453358348,"878"
"879",33.1590371711156,0.757865951198619,"879"
"880",32.9095746354084,2.55170355584705,"880"
"881",33.7358112567547,2.55405719462316,"881"
"882",32.2757087332313,2.49833079311298,"882"
"883",32.4963185803103,-0.841450786548667,"883"
"884",33.6725966200023,0.37347313342616,"884"
"885",33.8303603778547,1.16267167830141,"885"
"886",33.8336632222286,3.02802076707128,"886"
"887",34.1553540735436,0.710880303343292,"887"
"888",29.9456527343555,-0.633595594861545,"888"
"889",32.56462665183,0.125142733207904,"889"
"890",32.4216432892531,2.72286235389998,"890"
"891",34.1775765212788,2.29982252869755,"891"
"892",33.0621462231735,2.93833871656796,"892"
"893",33.4935007986543,-0.370905067655258,"893"
"894",33.8739794549695,-0.314558252170682,"894"
"895",30.5042529929895,0.47786513915984,"895"
"896",33.0032933136681,2.38487844882533,"896"
"897",31.5348567732261,0.421479365942068,"897"
"898",33.2179335082672,3.74870140611194,"898"
"899",32.3943684277637,1.61174931484042,"899"
"900",31.9760972505016,-0.51298857135931,"900"
"901",31.1217487887642,1.5296728584473,"901"
"902",34.1584026966803,3.29439908695174,"902"
"903",31.908423797409,0.524672863034066,"903"
"904",31.388469210458,-0.576718665258959,"904"
"905",29.8392610237864,-1.09832449631533,"905"
"906",31.5196561082779,2.43554419493536,"906"
"907",33.9080318108154,2.68475284117041,"907"
"908",33.2099775413121,1.49023349761032,"908"
"909",31.5165597392851,1.78787802338367,"909"
"910",32.5283058985113,-0.0953591662202962,"910"
"911",31.0127808561246,0.19182974597672,"911"
"912",30.9285850701621,3.54769043571781,"912"
"913",32.3020595849468,2.34339590172283,"913"
"914",30.2901318192249,-0.0282031929236837,"914"
"915",31.8297673861985,0.12882060890086,"915"
"916",29.9956363537442,-0.512734173939098,"916"
"917",31.5266885195905,0.204049102305435,"917"
"918",31.585756877535,1.71070523891831,"918"
"919",30.780978646134,0.254144587500487,"919"
"920",31.3349181728438,0.188331301223952,"920"
"921",33.638645782352,-0.29316662972793,"921"
"922",32.5847854309157,1.96215270555113,"922"
"923",33.4979479461908,0.305291953135747,"923"
"924",31.1508447915525,2.33924797789427,"924"
"925",32.2000978626078,1.77031046519289,"925"
"926",29.8001311594597,-0.739838521066122,"926"
"927",33.4964662167127,-0.0643662069109268,"927"
"928",32.4617097126972,0.885255209112074,"928"
"929",30.9674217780749,0.966079387913924,"929"
"930",34.7077009227499,2.67729814046994,"930"
"931",33.3166474074335,0.294729598427657,"931"
"932",30.011932174,0.356843925111461,"932"
"933",32.1727303173649,1.22744935361436,"933"
"934",31.8071103728889,-0.374623125316575,"934"
"935",31.1117530967155,-0.932567681248766,"935"
"936",29.9307206063485,0.270257861181162,"936"
"937",32.2757376313093,-0.802330840164796,"937"
"938",31.8240996783692,0.592097003352828,"938"
"939",32.6330194941256,-0.175229105791077,"939"
"940",31.4291190899257,1.01517471626634,"940"
"941",30.9083610321139,1.19631973584183,"941"
"942",32.2201461253571,1.56928493519314,"942"
"943",32.4954326291336,1.40511293110205,"943"
"944",33.6188364653871,-0.580221882499754,"944"
"945",32.6556430033548,-0.534691031845287,"945"
"946",33.7500858802185,0.519013931348454,"946"
"947",32.8136926898011,2.78197042030282,"947"
"948",33.8901482372149,0.889713981805835,"948"
"949",32.9996041763155,3.284866192271,"949"
"950",33.9503236067318,4.06051173149375,"950"
"951",31.8472632740624,2.93846507251728,"951"
"952",33.1073166544642,2.34579066127306,"952"
"953",32.5058546186588,2.46694811443333,"953"
"954",34.6098181053763,2.46938414220698,"954"
"955",34.9181239055749,2.13557348571951,"955"
"956",33.6160973434383,1.31717587970197,"956"
"958",31.9209637295804,-0.0792109024105594,"958"
"959",32.2424257276556,0.128691136224661,"959"
"960",31.0585183920641,1.40218719438184,"960"
"961",33.8091010836535,0.0478578832023777,"961"
"962",32.6364925256046,0.131994325614069,"962"
"963",32.7240472002584,-0.240984514828306,"963"
"964",31.4100193732535,0.768178601162508,"964"
"965",33.4790565623506,1.9148408916872,"965"
"966",31.3276663420815,0.972082302626222,"966"
"967",32.9928634296474,1.50337553901598,"967"
"968",32.3420218934608,-1.00064136286965,"968"
"969",31.2494206809439,-0.922694637223613,"969"
"970",30.7601559637394,0.869875158956275,"970"
"971",34.8734166791872,1.64002275544684,"971"
"972",33.8527539090766,1.69072736459784,"972"
"973",30.3855765101127,-0.246969658515882,"973"
"974",31.0572019981407,1.60653368479572,"974"
"975",30.9909491463122,1.6065224367124,"975"
"976",30.7829042852065,0.77621600127779,"976"
"977",30.7915451682941,3.12075714092236,"977"
"978",34.0671290294873,3.77400863989489,"978"
"979",32.4007915398013,0.240769569408149,"979"
"980",33.3372840345232,-0.513021037264261,"980"
"981",31.3641578250867,-0.913774053568486,"981"
"982",33.1300823887065,0.688961426487658,"982"
"983",31.8369041791116,2.15096230843337,"983"
"984",32.6463677117438,1.40756699233316,"984"
"985",32.6766238924954,0.906525626862422,"985"
"986",32.0644833884714,0.683082251513843,"986"
"987",32.841065992217,3.57741798497737,"987"
"988",31.2118842928112,-0.50340459428262,"988"
"989",34.2119769887323,0.702717387333978,"989"
"990",31.2990746985446,2.85809892946621,"990"
"991",33.0700339898723,1.33255865023006,"991"
"992",32.2124407690298,-0.941505509710405,"992"
"993",33.523754476402,0.917028332233895,"993"
"994",33.5024860428041,0.600554891047068,"994"
"995",34.3934206238016,1.15972175177652,"995"
"996",31.6609166094242,2.78658805813873,"996"
"997",33.0308822823479,3.52808153640712,"997"
"998",34.6873523021699,1.50895773077151,"998"
"999",32.3468841647264,1.21461459658807,"999"
"1000",33.1389990312746,0.0634845294919797,"1000"
"1001",34.1848230899242,3.61937098333379,"1001"
"1002",32.3354827587423,0.660631483031903,"1002"
"1003",31.3508643025928,2.19712380117504,"1003"
"1004",32.4835447954922,2.4017235743464,"1004"
"1005",33.9743981823209,3.62827546660556,"1005"
"1006",32.0190710846242,0.599685932984576,"1006"
"1007",34.3285823982395,2.30885998825775,"1007"
"1008",31.0721245933464,2.31775036915205,"1008"
"1009",34.3879193696938,3.10989378669299,"1009"
"1010",30.6680254573119,-0.887373159783892,"1010"
"1011",32.3846804322582,-0.9008532213117,"1011"
"1012",34.7932246645074,2.42414298076415,"1012"
"1013",31.8952678450802,-0.992397782613989,"1013"
"1014",32.7523987230775,0.283805178536568,"1014"
"1015",30.9610534892161,1.20116409120848,"1015"
"1016",31.5810957548465,-0.16891457926482,"1016"
"1017",33.9687831669487,3.44613837690325,"1017"
"1018",31.9741853924724,-0.788122234260663,"1018"
"1019",33.8508476471622,0.856620022570714,"1019"
"1020",31.206331472334,2.97749679686269,"1020"
"1021",31.2350876038894,0.524651959049516,"1021"
"1022",32.7043086538813,-0.891525757350028,"1022"
"1023",30.9933569885627,0.701604389827698,"1023"
"1024",31.9208349265298,0.287446071505547,"1024"
"1025",30.5549975295318,-0.549727757761721,"1025"
"1026",32.6273104299651,0.2400574284303,"1026"
"1027",32.5040167959477,1.48774754268583,"1027"
"1028",31.8752013206994,2.95190875464585,"1028"
"1029",30.006114258212,-0.851227164694574,"1029"
"1030",31.639706727108,1.10822734320303,"1030"
"1031",34.1785618176847,1.32181733398465,"1031"
"1032",32.1287892478053,-0.881582213612273,"1032"
"1033",31.8773328899313,-0.925486027323641,"1033"
"1034",33.530569724401,2.89381532217376,"1034"
"1035",31.9148452698207,1.54057030322962,"1035"
"1036",30.1524837798136,0.0883515594224447,"1036"
"1037",34.3430397475907,3.1841641273722,"1037"
"1038",32.3775842629932,0.681776790712029,"1038"
"1039",30.8072854866972,1.06530794578139,"1039"
"1040",33.1634657639475,1.10887525850441,"1040"
"1041",33.3040629492514,-0.396907050160226,"1041"
"1042",34.0729573916202,0.855053533187602,"1042"
"1043",31.7829083553236,-0.826142333182506,"1043"
"1044",31.8519227967295,-0.25135865927441,"1044"
"1045",33.4942353642988,-0.513848720339593,"1045"
"1046",33.8429934452707,3.69784407599131,"1046"
"1047",32.006276741114,1.99237912996439,"1047"
"1048",31.0238239998696,2.60038467065664,"1048"
"1049",33.7669437027443,3.31621829618467,"1049"
"1050",29.7734406635771,-0.216411216114648,"1050"
"1051",31.5162454908388,-0.498954300601035,"1051"
"1052",30.3328503786307,-0.544405117388815,"1052"
"1053",29.8730066745216,-0.848331337189302,"1053"
"1054",32.8650015613181,2.98620665244525,"1054"
"1055",33.3079918667232,-0.496601907704026,"1055"
"1056",34.2249876533006,2.2508739841124,"1056"
"1057",31.1473805667926,2.59853689261479,"1057"
"1058",30.3823748433357,0.887248094868846,"1058"
"1059",34.7005303643667,1.80836305301636,"1059"
"1060",32.3087511705584,1.80777206938481,"1060"
"1061",32.4999495571456,3.70345335378079,"1061"
"1062",31.2320863609272,1.75211584428092,"1062"
"1063",32.2482790010143,2.39515862070955,"1063"
"1064",31.8574716488365,1.50464306205511,"1064"
"1065",31.9427718364354,0.579541975269094,"1065"
"1066",32.9626797818835,3.20980758618331,"1066"
"1067",30.0704627966671,0.439640387347899,"1067"
"1068",32.1759608360147,2.88318565346999,"1068"
"1069",31.3360140001075,2.29490646020509,"1069"
"1070",32.3040534718009,-0.483777976704296,"1070"
"1071",33.2481998409703,1.9907781171496,"1071"
"1072",33.0004560187832,2.36320636830991,"1072"
"1073",33.3498212168226,0.485339512845967,"1073"
"1074",31.2485394757055,-0.571257982563693,"1074"
"1075",34.5277321589808,1.79377100177808,"1075"
"1076",31.2375501861493,3.31126829946879,"1076"
"1077",33.3350430275174,1.83844137879321,"1077"
"1078",33.8177463007928,0.400047602113336,"1078"
"1079",32.3462249057041,1.53669341965579,"1079"
"1080",33.0898771396349,3.23740868360037,"1080"
"1081",31.4934636732121,0.0812805421394296,"1081"
"1082",31.9015474423184,-0.368392249899916,"1082"
"1083",31.8579926749784,-0.210407603385393,"1083"
"1084",31.66691663987,2.73705011128215,"1084"
"1085",32.6482695894409,2.4724738790933,"1085"
"1086",32.4148881608737,1.43937575219665,"1086"
"1087",31.4339228970394,2.09297265593195,"1087"
"1088",33.5179102394683,0.073914674918633,"1088"
"1089",32.1891436731932,2.88466229887214,"1089"
"1090",31.5385637365608,2.63803878684295,"1090"
"1091",33.2667380187451,3.65333050929708,"1091"
"1092",33.9467281815293,2.57385443135398,"1092"
"1093",33.6813583469577,0.144418434936088,"1093"
"1094",34.5762322350056,1.96948859997792,"1094"
"1095",31.1919812755776,3.39807594184764,"1095"
"1096",31.1754293687129,-0.330844922191463,"1096"
"1097",34.0597538676951,2.44081727339886,"1097"
"1098",32.7390374980238,3.5980540581746,"1098"
"1099",33.8897645211685,1.0658517375146,"1099"
"1100",32.3257646902255,2.15059592934325,"1100"
"1101",33.9822835001419,3.25869385845726,"1101"
"1102",30.8648131599161,3.49198451748816,"1102"
"1103",32.6655438756477,0.591931093109306,"1103"
"1104",30.9261389118852,3.3209125752002,"1104"
"1105",31.7981397850416,3.76493772557238,"1105"
"1106",32.3423730361322,-0.422939303063322,"1106"
"1107",32.5904126061872,3.59982733372832,"1107"
"1108",30.8284711297438,1.38432822358096,"1108"
"1109",32.3455867664376,1.71683086392935,"1109"
"1110",33.3314102486777,3.28636207372183,"1110"
"1111",33.5675868012663,0.352100335797295,"1111"
"1112",31.982392620889,1.89735105416738,"1112"
"1113",33.6630391622242,3.40099752428476,"1113"
"1114",31.4093555029482,0.670627633710392,"1114"
"1115",29.9012832009536,0.278491255259141,"1115"
"1116",31.5256595037854,-0.0349880083743483,"1116"
"1117",31.6732505203458,1.74110366634326,"1117"
"1118",33.737373034833,1.42655538568273,"1118"
"1119",32.551822021713,0.440384789966047,"1119"
"1120",30.9450514537655,2.76443009153707,"1120"
"1121",30.9250803339668,0.528339228210971,"1121"
"1123",32.8688063187059,-0.230733951849397,"1123"
"1124",32.6277324488363,2.7454727112432,"1124"
"1125",31.2029364960291,1.78133486654377,"1125"
"1126",34.2525380524853,3.31280268142465,"1126"
"1127",30.4809860071284,-0.508193290913478,"1127"
"1128",30.3992715350306,-0.95532110366039,"1128"
"1129",34.605481517741,1.97768857040675,"1129"
"1130",32.9424024507101,0.732057909187861,"1130"
"1131",31.0421848881338,2.48915822263109,"1131"
"1132",32.1205628798576,1.79670481845038,"1132"
"1133",30.5580480087991,0.286299289166927,"1133"
"1134",34.2209254931146,1.59838282851735,"1134"
"1135",30.2793707571574,0.633762186050881,"1135"
"1136",31.8887449838477,1.22937501059845,"1136"
"1137",31.7023050427088,0.0037190758599901,"1137"
"1138",32.2048413613206,-0.721722159218043,"1138"
"1139",31.1612104740506,-0.56330278882524,"1139"
"1140",33.5626764039416,2.08577843053965,"1140"
"1141",34.158582296453,3.09639770188835,"1141"
"1142",31.1947616588068,3.6866828700807,"1142"
"1143",31.7340967371594,2.7094167143479,"1143"
"1145",33.2281809304305,1.75382410415448,"1145"
"1146",34.7524297943129,1.58946083935909,"1146"
"1147",33.6513123908127,3.51912570154294,"1147"
"1148",31.7473482934129,1.8122428368777,"1148"
"1149",33.8995822768332,0.917910744708497,"1149"
"1150",30.7536783532798,0.215291178079788,"1150"
"1151",33.1300091573596,-0.845164579001721,"1151"
"1152",31.9611357148387,2.18309705980122,"1152"
"1153",33.4375182762276,1.92839803538984,"1153"
"1154",32.7150925822626,1.12599777407013,"1154"
"1155",32.123622476079,1.71271131935995,"1155"
"1156",31.5625134339044,1.6822490707296,"1156"
"1157",32.3538461130462,-0.702335835329723,"1157"
"1158",32.3762867260887,0.93748338095611,"1158"
"1159",32.3284275986091,0.818590880541597,"1159"
"1160",32.7198658516724,0.851849395921454,"1160"
"1161",33.0485932912538,-0.65092426215997,"1161"
"1162",31.2524887776095,0.963701211677398,"1162"
"1163",31.236059198461,2.44085187393706,"1163"
"1164",33.7128133636178,2.59689402719028,"1164"
"1165",34.021353350461,1.5436611818336,"1165"
"1166",33.566359579498,0.00444285045377901,"1166"
"1167",29.98425063906,-1.24548687014496,"1167"
"1168",33.6830850011786,2.77286219589179,"1168"
"1169",33.6216045936663,1.41231367267203,"1169"
"1170",33.6953830370307,1.3165033687721,"1170"
"1171",30.8131245222408,0.855707594014239,"1171"
"1172",32.929889823196,0.848239740564022,"1172"
"1173",32.4569367706845,-0.601752561824396,"1173"
"1175",32.4425743797049,0.975057763585355,"1175"
"1176",30.1516192097822,0.445842683298979,"1176"
"1177",31.5702090897714,0.422569832110312,"1177"
"1178",30.447586716162,1.03713518059347,"1178"
"1179",33.6484175611613,2.79735809182981,"1179"
"1180",31.4094170892541,-0.100800951053388,"1180"
"1181",33.2225286445906,-0.509637874881737,"1181"
"1182",33.3726911412436,1.29480869739782,"1182"
"1183",31.800097328173,0.262784673853312,"1183"
"1184",33.46835083568,2.30908157482278,"1184"
"1185",29.8901826425758,-0.0639583864458837,"1185"
"1186",33.8383773502498,1.51419265503297,"1186"
"1187",32.622512949009,3.30027842019685,"1187"
"1188",31.5745192691311,3.5572825103323,"1188"
"1189",31.6694338037213,0.87912873322377,"1189"
"1190",33.3722308089864,2.08658948566066,"1190"
"1191",30.0096438383055,0.10465933363419,"1191"
"1192",32.9889579408732,2.57012982234359,"1192"
"1193",30.6891628013598,-0.567711389521137,"1193"
"1194",33.1842366595077,3.35133345415117,"1194"
"1195",33.9388565998664,0.763547561671585,"1195"
"1196",34.8018509414582,2.07167447306914,"1196"
"1197",33.6081396484072,-0.267574833640829,"1197"
"1198",32.5387126165442,-0.916227424899116,"1198"
"1199",32.8248025855981,0.989967938757036,"1199"
"1200",31.5745686044474,1.61201193425106,"1200"
"1201",34.7807501510368,1.31827165945666,"1201"
"1202",32.7082442249078,3.05883252604865,"1202"
"1203",29.8905262683146,0.180663304938935,"1203"
"1204",32.5038409467204,-0.615570640768856,"1204"
"1205",32.0509902936593,-0.674078327366151,"1205"
"1206",34.0674130729074,0.416924164099619,"1206"
"1207",32.1471266255225,-0.350050853337161,"1207"
"1208",34.5666328585125,2.44844418949215,"1208"
"1209",30.9629128277278,-0.596627300626133,"1209"
"1210",33.170633081363,1.40255166339455,"1210"
"1211",32.9973624273855,3.25161809574114,"1211"
"1212",33.7759252570756,1.31658421428641,"1212"
"1213",31.7477128356043,0.315066897370853,"1213"
"1214",33.8467259376612,2.60237816379638,"1214"
"1215",31.9021450886317,1.28236968081445,"1215"
"1216",33.6680917594791,-0.0661697271605954,"1216"
"1217",31.8969434900349,2.29129218657268,"1217"
"1218",32.5142516766884,2.32668497131439,"1218"
"1219",31.9745074350829,0.56517232630169,"1219"
"1220",31.0658052807231,0.786599788097665,"1220"
"1221",31.6089965943829,2.78153046129737,"1221"
"1222",32.2596697995951,1.37183332911693,"1222"
"1223",33.9373816599185,3.31109900330193,"1223"
"1224",32.1529642075812,2.62970184005564,"1224"
"1225",34.1455315983435,1.71466074544471,"1225"
"1226",33.7874406593107,0.986800824797247,"1226"
"1227",33.9929342201329,2.11545013167895,"1227"
"1228",33.7705487280758,-0.0765463457792066,"1228"
"1229",32.7734850288159,-0.482725271089003,"1229"
"1230",31.8750434492715,-0.987987453108653,"1230"
"1231",31.0712256532162,3.48708986161277,"1231"
"1232",33.9157956854207,0.493731941159349,"1232"
"1233",32.3156454453617,1.28031870002626,"1233"
"1234",31.0398128232616,2.92074481770629,"1234"
"1235",31.2030920321122,3.13259321695194,"1235"
"1236",32.524892960249,1.73663494420238,"1236"
"1237",34.1397769771353,1.27467621367425,"1237"
"1238",34.4015619384614,1.75142097922275,"1238"
"1239",33.4738247323246,2.87840740003856,"1239"
"1240",30.1561864090967,-0.709885992554482,"1240"
"1241",34.0779653070867,1.3379152986384,"1241"
"1242",30.8949005872454,0.572792228406761,"1242"
"1243",31.4333374792733,2.12194158791797,"1243"
"1244",30.2790753591293,0.1732636353001,"1244"
"1245",32.230224589475,-0.919218101545703,"1245"
"1246",31.3378695511096,1.6778593570739,"1246"
"1247",30.437838389813,-0.355203395364806,"1247"
"1248",32.44244060233,0.887580014106352,"1248"
"1249",34.7182686779299,1.40984745972324,"1249"
"1250",31.0534008064773,0.974943862368818,"1250"
"1251",34.3150610614638,2.41599934950238,"1251"
"1252",34.2350700686267,1.40203465603292,"1252"
"1253",30.5172722952976,-0.0807600035960785,"1253"
"1254",33.7992597778374,2.88880963155068,"1254"
"1255",30.6325379059464,-0.671656147653703,"1255"
"1256",32.179503135751,1.44432502384065,"1256"
"1257",32.2269645113521,0.269543624799699,"1257"
"1258",30.0336744212243,0.279278270730283,"1258"
"1259",31.1480148591427,2.60292156593874,"1259"
"1260",34.1454038091679,1.23389933195431,"1260"
"1261",33.1745035188412,0.707831443736796,"1261"
"1262",31.2922859499115,3.10550494961673,"1262"
"1263",30.2830474388972,-0.704308935822919,"1263"
"1264",32.2683253033413,1.43410335551715,"1264"
"1265",33.9345891603548,1.1048151333048,"1265"
"1266",33.4468900391017,3.42548624796327,"1266"
"1267",32.5783697315189,2.66087506359676,"1267"
"1268",30.360522881106,-0.228570394183043,"1268"
"1269",33.9407647707174,2.33468223680742,"1269"
"1270",33.9857645752933,4.06316555137979,"1270"
"1271",31.8128531061485,3.01663547742646,"1271"
"1272",34.1093268109392,0.991060428633355,"1272"
"1273",33.1981109039951,2.88922871768475,"1273"
"1274",30.277055551135,-0.11302176699508,"1274"
"1275",34.2843383925967,1.21044196350034,"1275"
"1276",29.7221422436857,-0.723853478240781,"1276"
"1277",32.0216642679786,1.69123770562699,"1277"
"1278",31.672933976159,0.0850908070290461,"1278"
"1279",32.778146967357,-0.336963479104452,"1279"
"1280",33.3392994794226,-0.0631561255268753,"1280"
"1281",31.7121696729306,0.52420241313288,"1281"
"1282",30.7615260705957,-0.789504537801258,"1282"
"1283",33.6213156168466,-0.430007948982529,"1283"
"1284",32.0132823771494,1.18377520100912,"1284"
"1285",30.9923265285138,0.390466615958139,"1285"
"1286",31.6912843137863,0.302538074683398,"1286"
"1287",32.8352422426874,2.32156568519538,"1287"
"1288",29.9332623487478,0.682360863164067,"1288"
"1289",32.724894105366,0.0572577948309481,"1289"
"1290",33.1048143172148,2.72277567534475,"1290"
"1291",34.6403061110247,1.25005051499,"1291"
"1292",32.2191300258972,0.110534908950795,"1292"
"1293",32.1072147229663,-0.181265582132619,"1293"
"1294",34.3938567880774,2.87727891629562,"1294"
"1296",32.9828991281195,0.672793135272805,"1296"
"1297",33.9833592558489,0.577366061620414,"1297"
"1298",32.5279826545645,-0.396894458800089,"1298"
"1299",31.1799629042088,0.616762824484613,"1299"
"1300",31.4938208912127,1.23912495067576,"1300"
"1301",31.8395050153742,0.177248381432146,"1301"
"1302",31.0975913486956,-0.469287854880095,"1302"
"1303",29.7806402956182,-1.1467869951902,"1303"
"1304",34.0809325799556,2.75079573714873,"1304"
"1305",31.7629034542129,1.47872216585325,"1305"
"1306",30.9314532869146,2.70042044319911,"1306"
"1307",34.2812614298053,1.79495695693651,"1307"
"1308",32.7825901333219,2.97095103463391,"1308"
"1309",34.1495781319169,3.59286338899983,"1309"
"1310",32.9114949054318,-0.398912203970831,"1310"
"1311",32.2510660140356,2.99917331844335,"1311"
"1312",31.2158856997057,3.19290889462456,"1312"
"1313",31.7575790275633,-0.804841946696397,"1313"
"1314",32.7586854478042,0.78868220535107,"1314"
"1315",34.0873424865352,1.97545319815865,"1315"
"1316",31.7915248354431,3.10419097057311,"1316"
"1317",34.0735860957764,2.71971899010241,"1317"
"1318",34.5068296761741,2.40879799243296,"1318"
"1319",30.9813314421801,2.43469952948624,"1319"
"1320",31.8514243834326,3.36362552057952,"1320"
"1321",32.1253237108164,2.90967404016294,"1321"
"1322",34.16767586153,2.46806636059424,"1322"
"1323",32.9294272717671,2.60861373053631,"1323"
"1324",33.1989600929618,2.31618187499931,"1324"
"1325",34.4095479784277,2.31008579396177,"1325"
"1326",34.1934960394492,1.58484733957332,"1326"
"1327",33.5949813435716,3.45463896132074,"1327"
"1328",32.685311366308,2.60189663896337,"1328"
"1329",34.0374657623121,2.22261607438326,"1329"
"1330",31.0934700682433,-0.997685443679802,"1330"
